file	case	cond	rep	c1_embedding	n_claims	reason
PILOT-2009010505__H__sonnet4__rep0.json	PILOT-2009010505	H	0	0.282	22	
PILOT-2009010505__H__sonnet4__rep1.json	PILOT-2009010505	H	1	0.2837	22	
PILOT-2009010505__H__sonnet4__rep2.json	PILOT-2009010505	H	2	0.2494	22	
PILOT-2010007757__H__sonnet4__rep0.json	PILOT-2010007757	H	0	0.2425	3	
PILOT-2010007757__H__sonnet4__rep1.json	PILOT-2010007757	H	1	0.2425	3	
PILOT-2010007757__H__sonnet4__rep2.json	PILOT-2010007757	H	2	0.2425	3	
PILOT-2010008015__H__sonnet4__rep0.json	PILOT-2010008015	H	0	0.4894	1	
PILOT-2010008015__H__sonnet4__rep1.json	PILOT-2010008015	H	1	0.4742	1	
PILOT-2010008015__H__sonnet4__rep2.json	PILOT-2010008015	H	2	0.4894	1	
PILOT-2010010196__H__sonnet4__rep0.json	PILOT-2010010196	H	0	0.1952	18	
PILOT-2010010196__H__sonnet4__rep1.json	PILOT-2010010196	H	1	0.1938	17	
PILOT-2010010196__H__sonnet4__rep2.json	PILOT-2010010196	H	2	0.2001	16	
PILOT-2010011970__H__sonnet4__rep0.json	PILOT-2010011970	H	0	0.6294	4	
PILOT-2010011970__H__sonnet4__rep1.json	PILOT-2010011970	H	1	0.3547	4	
PILOT-2010011970__H__sonnet4__rep2.json	PILOT-2010011970	H	2	0.4261	4	
PILOT-2011003851__H__sonnet4__rep0.json	PILOT-2011003851	H	0	0.2069	20	
PILOT-2011003851__H__sonnet4__rep1.json	PILOT-2011003851	H	1	0.2168	20	
PILOT-2011003851__H__sonnet4__rep2.json	PILOT-2011003851	H	2	0.2168	20	
PILOT-2011004581__H__sonnet4__rep0.json	PILOT-2011004581	H	0	0.4543	11	
PILOT-2011004581__H__sonnet4__rep1.json	PILOT-2011004581	H	1	0.4564	11	
PILOT-2011004581__H__sonnet4__rep2.json	PILOT-2011004581	H	2	0.4775	11	
PILOT-2011007474__H__sonnet4__rep0.json	PILOT-2011007474	H	0	0.1942	14	
PILOT-2011007474__H__sonnet4__rep1.json	PILOT-2011007474	H	1	0.5784	14	
PILOT-2011007474__H__sonnet4__rep2.json	PILOT-2011007474	H	2	0.2474	14	
PILOT-2011008843__H__sonnet4__rep0.json	PILOT-2011008843	H	0	0.6385	1	
PILOT-2011008843__H__sonnet4__rep1.json	PILOT-2011008843	H	1	0.5997	1	
PILOT-2011008843__H__sonnet4__rep2.json	PILOT-2011008843	H	2	0.6385	1	
PILOT-2011009182__H__sonnet4__rep0.json	PILOT-2011009182	H	0	0.1919	17	
PILOT-2011009182__H__sonnet4__rep1.json	PILOT-2011009182	H	1	0.1919	17	
PILOT-2011009182__H__sonnet4__rep2.json	PILOT-2011009182	H	2	0.1919	17	
PILOT-2011011469__H__sonnet4__rep0.json	PILOT-2011011469	H	0	0.2237	7	
PILOT-2011011469__H__sonnet4__rep1.json	PILOT-2011011469	H	1	0.2237	7	
PILOT-2011011469__H__sonnet4__rep2.json	PILOT-2011011469	H	2	0.3437	7	
PILOT-2011012180__H__sonnet4__rep0.json	PILOT-2011012180	H	0	0.4339	9	
PILOT-2011012180__H__sonnet4__rep1.json	PILOT-2011012180	H	1	0.3722	9	
PILOT-2011012180__H__sonnet4__rep2.json	PILOT-2011012180	H	2	0.4339	9	
PILOT-2011013110__H__sonnet4__rep0.json	PILOT-2011013110	H	0	0.4448	11	
PILOT-2011013110__H__sonnet4__rep1.json	PILOT-2011013110	H	1	0.4432	11	
PILOT-2011013110__H__sonnet4__rep2.json	PILOT-2011013110	H	2	0.2053	11	
PILOT-2012000327__H__sonnet4__rep0.json	PILOT-2012000327	H	0	0.4296	8	
PILOT-2012000327__H__sonnet4__rep1.json	PILOT-2012000327	H	1	0.4757	10	
PILOT-2012000327__H__sonnet4__rep2.json	PILOT-2012000327	H	2	0.4939	10	
PILOT-2012003288__H__sonnet4__rep0.json	PILOT-2012003288	H	0	0.5492	4	
PILOT-2012003288__H__sonnet4__rep1.json	PILOT-2012003288	H	1	0.566	4	
PILOT-2012003288__H__sonnet4__rep2.json	PILOT-2012003288	H	2	0.5512	4	
PILOT-2012005674__H__sonnet4__rep0.json	PILOT-2012005674	H	0	0.1895	7	
PILOT-2012005674__H__sonnet4__rep1.json	PILOT-2012005674	H	1	0.1906	7	
PILOT-2012005674__H__sonnet4__rep2.json	PILOT-2012005674	H	2	0.1906	7	
PILOT-2012006145__H__sonnet4__rep0.json	PILOT-2012006145	H	0	0.1401	23	
PILOT-2012006145__H__sonnet4__rep1.json	PILOT-2012006145	H	1	0.1401	23	
PILOT-2012006145__H__sonnet4__rep2.json	PILOT-2012006145	H	2	0.1401	23	
PILOT-2012007524__H__sonnet4__rep0.json	PILOT-2012007524	H	0	0.659	7	
PILOT-2012007524__H__sonnet4__rep1.json	PILOT-2012007524	H	1	0.3467	7	
PILOT-2012007524__H__sonnet4__rep2.json	PILOT-2012007524	H	2	0.3687	7	
PILOT-2012008496__H__sonnet4__rep0.json	PILOT-2012008496	H	0	0.251	15	
PILOT-2012008496__H__sonnet4__rep1.json	PILOT-2012008496	H	1	0.323	18	
PILOT-2012008496__H__sonnet4__rep2.json	PILOT-2012008496	H	2	0.2685	15	
PILOT-2012010015__H__sonnet4__rep0.json	PILOT-2012010015	H	0	0.1937	14	
PILOT-2012010015__H__sonnet4__rep1.json	PILOT-2012010015	H	1	0.2358	14	
PILOT-2012010015__H__sonnet4__rep2.json	PILOT-2012010015	H	2	0.2661	14	
PILOT-2013000789__H__sonnet4__rep0.json	PILOT-2013000789	H	0	0.5113	11	
PILOT-2013000789__H__sonnet4__rep1.json	PILOT-2013000789	H	1	0.5067	11	
PILOT-2013000789__H__sonnet4__rep2.json	PILOT-2013000789	H	2	0.5236	11	
PILOT-2013001277__H__sonnet4__rep0.json	PILOT-2013001277	H	0	0.1739	7	
PILOT-2013001277__H__sonnet4__rep1.json	PILOT-2013001277	H	1	0.1484	7	
PILOT-2013001277__H__sonnet4__rep2.json	PILOT-2013001277	H	2	0.1484	7	
PILOT-2013007708__H__sonnet4__rep0.json	PILOT-2013007708	H	0	0.1863	16	
PILOT-2013007708__H__sonnet4__rep1.json	PILOT-2013007708	H	1	0.2175	16	
PILOT-2013007708__H__sonnet4__rep2.json	PILOT-2013007708	H	2	0.1876	16	
PILOT-2014002407__H__sonnet4__rep0.json	PILOT-2014002407	H	0	0.4445	4	
PILOT-2014002407__H__sonnet4__rep1.json	PILOT-2014002407	H	1		0	no_aligned_claims
PILOT-2014002407__H__sonnet4__rep2.json	PILOT-2014002407	H	2	0.4591	4	
PILOT-2014002745__H__sonnet4__rep0.json	PILOT-2014002745	H	0	0.4597	14	
PILOT-2014002745__H__sonnet4__rep1.json	PILOT-2014002745	H	1	0.456	14	
PILOT-2014002745__H__sonnet4__rep2.json	PILOT-2014002745	H	2	0.4615	14	
PILOT-2014003236__H__sonnet4__rep0.json	PILOT-2014003236	H	0	0.2167	2	
PILOT-2014003236__H__sonnet4__rep1.json	PILOT-2014003236	H	1	0.2167	2	
PILOT-2014003236__H__sonnet4__rep2.json	PILOT-2014003236	H	2	0.2717	2	
PILOT-2014003587__H__sonnet4__rep0.json	PILOT-2014003587	H	0	0.1315	19	
PILOT-2014003587__H__sonnet4__rep1.json	PILOT-2014003587	H	1	0.2192	19	
PILOT-2014003587__H__sonnet4__rep2.json	PILOT-2014003587	H	2	0.1286	19	
PILOT-2014006550__H__sonnet4__rep0.json	PILOT-2014006550	H	0	0.1928	20	
PILOT-2014006550__H__sonnet4__rep1.json	PILOT-2014006550	H	1	0.1699	20	
PILOT-2014006550__H__sonnet4__rep2.json	PILOT-2014006550	H	2	0.1928	20	
PILOT-2014007043__H__sonnet4__rep0.json	PILOT-2014007043	H	0	0.3927	5	
PILOT-2014007043__H__sonnet4__rep1.json	PILOT-2014007043	H	1	0.3319	5	
PILOT-2014007043__H__sonnet4__rep2.json	PILOT-2014007043	H	2	0.4067	5	
PILOT-2014008375__H__sonnet4__rep0.json	PILOT-2014008375	H	0	0.6162	3	
PILOT-2014008375__H__sonnet4__rep1.json	PILOT-2014008375	H	1	0.585	3	
PILOT-2014008375__H__sonnet4__rep2.json	PILOT-2014008375	H	2	0.6162	3	
PILOT-2014009096__H__sonnet4__rep0.json	PILOT-2014009096	H	0	0.581	4	
PILOT-2014009096__H__sonnet4__rep1.json	PILOT-2014009096	H	1	0.581	4	
PILOT-2014009096__H__sonnet4__rep2.json	PILOT-2014009096	H	2	0.581	4	
PILOT-2014009182__H__sonnet4__rep0.json	PILOT-2014009182	H	0	0.2523	12	
PILOT-2014009182__H__sonnet4__rep1.json	PILOT-2014009182	H	1	0.2123	12	
PILOT-2014009182__H__sonnet4__rep2.json	PILOT-2014009182	H	2	0.2123	12	
PILOT-2014009970__H__sonnet4__rep0.json	PILOT-2014009970	H	0	0.1998	9	
PILOT-2014009970__H__sonnet4__rep1.json	PILOT-2014009970	H	1	0.1612	6	
PILOT-2014009970__H__sonnet4__rep2.json	PILOT-2014009970	H	2	0.1836	7	
PILOT-2015000199__H__sonnet4__rep0.json	PILOT-2015000199	H	0	0.2873	10	
PILOT-2015000199__H__sonnet4__rep1.json	PILOT-2015000199	H	1	0.2873	10	
PILOT-2015000199__H__sonnet4__rep2.json	PILOT-2015000199	H	2	0.2384	10	
PILOT-2015004151__H__sonnet4__rep0.json	PILOT-2015004151	H	0	0.2831	6	
PILOT-2015004151__H__sonnet4__rep1.json	PILOT-2015004151	H	1	0.2662	5	
PILOT-2015004151__H__sonnet4__rep2.json	PILOT-2015004151	H	2	0.2268	6	
PILOT-2015004158__H__sonnet4__rep0.json	PILOT-2015004158	H	0	0.0872	7	
PILOT-2015004158__H__sonnet4__rep1.json	PILOT-2015004158	H	1	0.1011	7	
PILOT-2015004158__H__sonnet4__rep2.json	PILOT-2015004158	H	2	0.0872	7	
PILOT-2015004926__H__sonnet4__rep0.json	PILOT-2015004926	H	0	0.3692	15	
PILOT-2015004926__H__sonnet4__rep1.json	PILOT-2015004926	H	1	0.3811	15	
PILOT-2015004926__H__sonnet4__rep2.json	PILOT-2015004926	H	2	0.3986	15	
PILOT-2015005752__H__sonnet4__rep0.json	PILOT-2015005752	H	0	0.5165	7	
PILOT-2015005752__H__sonnet4__rep1.json	PILOT-2015005752	H	1	0.4885	7	
PILOT-2015005752__H__sonnet4__rep2.json	PILOT-2015005752	H	2	0.5048	7	
PILOT-2015006206__H__sonnet4__rep0.json	PILOT-2015006206	H	0	0.164	7	
PILOT-2015006206__H__sonnet4__rep1.json	PILOT-2015006206	H	1	0.164	7	
PILOT-2015006206__H__sonnet4__rep2.json	PILOT-2015006206	H	2	0.164	7	
PILOT-2015006603__H__sonnet4__rep0.json	PILOT-2015006603	H	0	0.408	20	
PILOT-2015006603__H__sonnet4__rep1.json	PILOT-2015006603	H	1	0.3637	20	
PILOT-2015006603__H__sonnet4__rep2.json	PILOT-2015006603	H	2	0.3344	20	
PILOT-2016000830__H__sonnet4__rep0.json	PILOT-2016000830	H	0	0.3576	2	
PILOT-2016000830__H__sonnet4__rep1.json	PILOT-2016000830	H	1	0.3515	2	
PILOT-2016000830__H__sonnet4__rep2.json	PILOT-2016000830	H	2	0.3348	2	
PILOT-2016000849__H__sonnet4__rep0.json	PILOT-2016000849	H	0	0.2333	39	
PILOT-2016000849__H__sonnet4__rep1.json	PILOT-2016000849	H	1	0.2025	39	
PILOT-2016000849__H__sonnet4__rep2.json	PILOT-2016000849	H	2	0.3657	39	
PILOT-2016003042__H__sonnet4__rep0.json	PILOT-2016003042	H	0	0.4816	7	
PILOT-2016003042__H__sonnet4__rep1.json	PILOT-2016003042	H	1	0.4832	7	
PILOT-2016003042__H__sonnet4__rep2.json	PILOT-2016003042	H	2	0.4734	7	
PILOT-2016004446__H__sonnet4__rep0.json	PILOT-2016004446	H	0	0.2903	3	
PILOT-2016004446__H__sonnet4__rep1.json	PILOT-2016004446	H	1	0.3456	3	
PILOT-2016004446__H__sonnet4__rep2.json	PILOT-2016004446	H	2	0.2714	3	
PILOT-2016005844__H__sonnet4__rep0.json	PILOT-2016005844	H	0	0.4964	4	
PILOT-2016005844__H__sonnet4__rep1.json	PILOT-2016005844	H	1	0.3958	4	
PILOT-2016005844__H__sonnet4__rep2.json	PILOT-2016005844	H	2	0.4511	4	
PILOT-2016006702__H__sonnet4__rep0.json	PILOT-2016006702	H	0	0.2391	30	
PILOT-2016006702__H__sonnet4__rep1.json	PILOT-2016006702	H	1	0.2409	30	
PILOT-2016006702__H__sonnet4__rep2.json	PILOT-2016006702	H	2	0.1507	30	
PILOT-2016007603__H__sonnet4__rep0.json	PILOT-2016007603	H	0	0.2967	5	
PILOT-2016007603__H__sonnet4__rep1.json	PILOT-2016007603	H	1	0.2967	5	
PILOT-2016007603__H__sonnet4__rep2.json	PILOT-2016007603	H	2	0.3421	5	
PILOT-2016007888__H__sonnet4__rep0.json	PILOT-2016007888	H	0	0.4464	6	
PILOT-2016007888__H__sonnet4__rep1.json	PILOT-2016007888	H	1	0.4854	6	
PILOT-2016007888__H__sonnet4__rep2.json	PILOT-2016007888	H	2	0.5348	6	
PILOT-2017000071__H__sonnet4__rep0.json	PILOT-2017000071	H	0		0	no_baseline
PILOT-2017000071__H__sonnet4__rep1.json	PILOT-2017000071	H	1		0	no_baseline
PILOT-2017000071__H__sonnet4__rep2.json	PILOT-2017000071	H	2		0	no_baseline
PILOT-2017000093__H__sonnet4__rep0.json	PILOT-2017000093	H	0	0.2845	17	
PILOT-2017000093__H__sonnet4__rep1.json	PILOT-2017000093	H	1	0.2649	17	
PILOT-2017000093__H__sonnet4__rep2.json	PILOT-2017000093	H	2	0.2599	17	
PILOT-2017001422__H__sonnet4__rep0.json	PILOT-2017001422	H	0	0.4525	2	
PILOT-2017001422__H__sonnet4__rep1.json	PILOT-2017001422	H	1	0.4525	2	
PILOT-2017001422__H__sonnet4__rep2.json	PILOT-2017001422	H	2	0.4525	2	
PILOT-2017002001__H__sonnet4__rep0.json	PILOT-2017002001	H	0	0.4619	19	
PILOT-2017002001__H__sonnet4__rep1.json	PILOT-2017002001	H	1	0.4248	19	
PILOT-2017002001__H__sonnet4__rep2.json	PILOT-2017002001	H	2	0.4619	19	
PILOT-2017002029__H__sonnet4__rep0.json	PILOT-2017002029	H	0	0.2134	23	
PILOT-2017002029__H__sonnet4__rep1.json	PILOT-2017002029	H	1	0.19	23	
PILOT-2017002029__H__sonnet4__rep2.json	PILOT-2017002029	H	2	0.1999	23	
PILOT-2017003676__H__sonnet4__rep0.json	PILOT-2017003676	H	0	0.2355	19	
PILOT-2017003676__H__sonnet4__rep1.json	PILOT-2017003676	H	1	0.2355	19	
PILOT-2017003676__H__sonnet4__rep2.json	PILOT-2017003676	H	2	0.2351	19	
PILOT-2017004144__H__sonnet4__rep0.json	PILOT-2017004144	H	0	0.2783	7	
PILOT-2017004144__H__sonnet4__rep1.json	PILOT-2017004144	H	1	0.1934	7	
PILOT-2017004144__H__sonnet4__rep2.json	PILOT-2017004144	H	2	0.2465	7	
PILOT-2017004286__H__sonnet4__rep0.json	PILOT-2017004286	H	0	0.1967	25	
PILOT-2017004286__H__sonnet4__rep1.json	PILOT-2017004286	H	1	0.1963	25	
PILOT-2017004286__H__sonnet4__rep2.json	PILOT-2017004286	H	2	0.1967	25	
PILOT-2017005259__H__sonnet4__rep0.json	PILOT-2017005259	H	0	0.2923	9	
PILOT-2017005259__H__sonnet4__rep1.json	PILOT-2017005259	H	1	0.2897	12	
PILOT-2017005259__H__sonnet4__rep2.json	PILOT-2017005259	H	2	0.3605	12	
PILOT-2017005493__H__sonnet4__rep0.json	PILOT-2017005493	H	0	0.3136	20	
PILOT-2017005493__H__sonnet4__rep1.json	PILOT-2017005493	H	1	0.2738	20	
PILOT-2017005493__H__sonnet4__rep2.json	PILOT-2017005493	H	2	0.21	17	
PILOT-2017006188__H__sonnet4__rep0.json	PILOT-2017006188	H	0		0	no_aligned_claims
PILOT-2017006188__H__sonnet4__rep1.json	PILOT-2017006188	H	1		0	no_aligned_claims
PILOT-2017006188__H__sonnet4__rep2.json	PILOT-2017006188	H	2	0.3169	5	
PILOT-2017007272__H__sonnet4__rep0.json	PILOT-2017007272	H	0	0.6091	9	
PILOT-2017007272__H__sonnet4__rep1.json	PILOT-2017007272	H	1	0.4839	9	
PILOT-2017007272__H__sonnet4__rep2.json	PILOT-2017007272	H	2	0.6027	8	
PILOT-2017007595__H__sonnet4__rep0.json	PILOT-2017007595	H	0	0.3118	35	
PILOT-2017007595__H__sonnet4__rep1.json	PILOT-2017007595	H	1	0.2925	35	
PILOT-2017007595__H__sonnet4__rep2.json	PILOT-2017007595	H	2	0.3006	35	
PILOT-2017009415__H__sonnet4__rep0.json	PILOT-2017009415	H	0	0.2546	13	
PILOT-2017009415__H__sonnet4__rep1.json	PILOT-2017009415	H	1	0.2278	13	
PILOT-2017009415__H__sonnet4__rep2.json	PILOT-2017009415	H	2	0.2467	13	
PILOT-2017010497__H__sonnet4__rep0.json	PILOT-2017010497	H	0	0.5298	13	
PILOT-2017010497__H__sonnet4__rep1.json	PILOT-2017010497	H	1	0.4707	12	
PILOT-2017010497__H__sonnet4__rep2.json	PILOT-2017010497	H	2	0.5324	12	
PILOT-2017010632__H__sonnet4__rep0.json	PILOT-2017010632	H	0	0.6881	2	
PILOT-2017010632__H__sonnet4__rep1.json	PILOT-2017010632	H	1	0.6854	2	
PILOT-2017010632__H__sonnet4__rep2.json	PILOT-2017010632	H	2	0.7328	2	
PILOT-2018000427__H__sonnet4__rep0.json	PILOT-2018000427	H	0	0.4342	2	
PILOT-2018000427__H__sonnet4__rep1.json	PILOT-2018000427	H	1	0.4342	2	
PILOT-2018000427__H__sonnet4__rep2.json	PILOT-2018000427	H	2	0.4342	2	
PILOT-2018001232__H__sonnet4__rep0.json	PILOT-2018001232	H	0	0.2676	16	
PILOT-2018001232__H__sonnet4__rep1.json	PILOT-2018001232	H	1	0.2676	16	
PILOT-2018001232__H__sonnet4__rep2.json	PILOT-2018001232	H	2	0.2676	16	
PILOT-2018003513__H__sonnet4__rep0.json	PILOT-2018003513	H	0	0.4359	11	
PILOT-2018003513__H__sonnet4__rep1.json	PILOT-2018003513	H	1	0.4179	10	
PILOT-2018003513__H__sonnet4__rep2.json	PILOT-2018003513	H	2	0.4315	11	
PILOT-2018005420__H__sonnet4__rep0.json	PILOT-2018005420	H	0	0.2621	25	
PILOT-2018005420__H__sonnet4__rep1.json	PILOT-2018005420	H	1	0.2806	25	
PILOT-2018005420__H__sonnet4__rep2.json	PILOT-2018005420	H	2	0.2529	25	
PILOT-2018005863__H__sonnet4__rep0.json	PILOT-2018005863	H	0	0.218	25	
PILOT-2018005863__H__sonnet4__rep1.json	PILOT-2018005863	H	1	0.217	25	
PILOT-2018005863__H__sonnet4__rep2.json	PILOT-2018005863	H	2	0.2063	25	
PILOT-2018007886__H__sonnet4__rep0.json	PILOT-2018007886	H	0	0.567	6	
PILOT-2018007886__H__sonnet4__rep1.json	PILOT-2018007886	H	1	0.5653	6	
PILOT-2018007886__H__sonnet4__rep2.json	PILOT-2018007886	H	2	0.5682	6	
PILOT-2018007979__H__sonnet4__rep0.json	PILOT-2018007979	H	0	0.6741	3	
PILOT-2018007979__H__sonnet4__rep1.json	PILOT-2018007979	H	1	0.6496	3	
PILOT-2018007979__H__sonnet4__rep2.json	PILOT-2018007979	H	2	0.6775	3	
PILOT-2019001867__H__sonnet4__rep0.json	PILOT-2019001867	H	0	0.1498	23	
PILOT-2019001867__H__sonnet4__rep1.json	PILOT-2019001867	H	1	0.1498	23	
PILOT-2019001867__H__sonnet4__rep2.json	PILOT-2019001867	H	2	0.1498	23	
PILOT-2019002001__H__sonnet4__rep0.json	PILOT-2019002001	H	0	0.5231	18	
PILOT-2019002001__H__sonnet4__rep1.json	PILOT-2019002001	H	1	0.4916	18	
PILOT-2019002001__H__sonnet4__rep2.json	PILOT-2019002001	H	2	0.5292	18	
PILOT-2019002439__H__sonnet4__rep0.json	PILOT-2019002439	H	0	0.4786	23	
PILOT-2019002439__H__sonnet4__rep1.json	PILOT-2019002439	H	1	0.2133	23	
PILOT-2019002439__H__sonnet4__rep2.json	PILOT-2019002439	H	2	0.1899	23	
PILOT-2019003829__H__sonnet4__rep0.json	PILOT-2019003829	H	0	0.4027	7	
PILOT-2019003829__H__sonnet4__rep1.json	PILOT-2019003829	H	1	0.4285	7	
PILOT-2019003829__H__sonnet4__rep2.json	PILOT-2019003829	H	2	0.4478	7	
PILOT-2019005007__H__sonnet4__rep0.json	PILOT-2019005007	H	0	0.1152	24	
PILOT-2019005007__H__sonnet4__rep1.json	PILOT-2019005007	H	1	0.1085	24	
PILOT-2019005007__H__sonnet4__rep2.json	PILOT-2019005007	H	2	0.1204	24	
PILOT-2019005292__H__sonnet4__rep0.json	PILOT-2019005292	H	0	0.2648	20	
PILOT-2019005292__H__sonnet4__rep1.json	PILOT-2019005292	H	1	0.198	20	
PILOT-2019005292__H__sonnet4__rep2.json	PILOT-2019005292	H	2	0.2087	20	
PILOT-2019005776__H__sonnet4__rep0.json	PILOT-2019005776	H	0	0.6203	1	
PILOT-2019005776__H__sonnet4__rep1.json	PILOT-2019005776	H	1	0.5676	1	
PILOT-2019005776__H__sonnet4__rep2.json	PILOT-2019005776	H	2	0.5676	1	
PILOT-2019006119__H__sonnet4__rep0.json	PILOT-2019006119	H	0	0.3112	1	
PILOT-2019006119__H__sonnet4__rep1.json	PILOT-2019006119	H	1	0.3112	1	
PILOT-2019006119__H__sonnet4__rep2.json	PILOT-2019006119	H	2	0.3112	1	
PILOT-2019006614__H__sonnet4__rep0.json	PILOT-2019006614	H	0		0	no_baseline
PILOT-2019006614__H__sonnet4__rep1.json	PILOT-2019006614	H	1		0	no_baseline
PILOT-2019006614__H__sonnet4__rep2.json	PILOT-2019006614	H	2		0	no_baseline
PILOT-2020000122__H__sonnet4__rep0.json	PILOT-2020000122	H	0	0.2988	19	
PILOT-2020000122__H__sonnet4__rep1.json	PILOT-2020000122	H	1	0.286	19	
PILOT-2020000122__H__sonnet4__rep2.json	PILOT-2020000122	H	2	0.2893	19	
PILOT-2020000158__H__sonnet4__rep0.json	PILOT-2020000158	H	0	0.1746	20	
PILOT-2020000158__H__sonnet4__rep1.json	PILOT-2020000158	H	1	0.3597	20	
PILOT-2020000158__H__sonnet4__rep2.json	PILOT-2020000158	H	2	0.1746	20	
PILOT-2020000362__H__sonnet4__rep0.json	PILOT-2020000362	H	0	0.3076	15	
PILOT-2020000362__H__sonnet4__rep1.json	PILOT-2020000362	H	1	0.3259	15	
PILOT-2020000362__H__sonnet4__rep2.json	PILOT-2020000362	H	2	0.3152	15	
PILOT-2020000402__H__sonnet4__rep0.json	PILOT-2020000402	H	0	0.4435	6	
PILOT-2020000402__H__sonnet4__rep1.json	PILOT-2020000402	H	1	0.65	6	
PILOT-2020000402__H__sonnet4__rep2.json	PILOT-2020000402	H	2	0.4435	6	
PILOT-2020000676__H__sonnet4__rep0.json	PILOT-2020000676	H	0	0.1893	6	
PILOT-2020000676__H__sonnet4__rep1.json	PILOT-2020000676	H	1	0.1669	6	
PILOT-2020000676__H__sonnet4__rep2.json	PILOT-2020000676	H	2	0.1405	6	
PILOT-2020001769__H__sonnet4__rep0.json	PILOT-2020001769	H	0	0.147	10	
PILOT-2020001769__H__sonnet4__rep1.json	PILOT-2020001769	H	1	0.1431	10	
PILOT-2020001769__H__sonnet4__rep2.json	PILOT-2020001769	H	2	0.148	10	
PILOT-2020002332__H__sonnet4__rep0.json	PILOT-2020002332	H	0	0.2834	25	
PILOT-2020002332__H__sonnet4__rep1.json	PILOT-2020002332	H	1	0.2834	25	
PILOT-2020002332__H__sonnet4__rep2.json	PILOT-2020002332	H	2	0.2834	25	
PILOT-2020002369__H__sonnet4__rep0.json	PILOT-2020002369	H	0	0.1655	20	
PILOT-2020002369__H__sonnet4__rep1.json	PILOT-2020002369	H	1	0.129	20	
PILOT-2020002369__H__sonnet4__rep2.json	PILOT-2020002369	H	2	0.129	20	
PILOT-2020002555__H__sonnet4__rep0.json	PILOT-2020002555	H	0	0.2419	18	
PILOT-2020002555__H__sonnet4__rep1.json	PILOT-2020002555	H	1	0.2243	20	
PILOT-2020002555__H__sonnet4__rep2.json	PILOT-2020002555	H	2	0.2175	20	
PILOT-2020002688__H__sonnet4__rep0.json	PILOT-2020002688	H	0	0.4994	8	
PILOT-2020002688__H__sonnet4__rep1.json	PILOT-2020002688	H	1	0.4157	8	
PILOT-2020002688__H__sonnet4__rep2.json	PILOT-2020002688	H	2	0.4505	8	
PILOT-2020002729__H__sonnet4__rep0.json	PILOT-2020002729	H	0	0.5747	11	
PILOT-2020002729__H__sonnet4__rep1.json	PILOT-2020002729	H	1	0.5435	11	
PILOT-2020002729__H__sonnet4__rep2.json	PILOT-2020002729	H	2	0.5063	11	
PILOT-2020003998__H__sonnet4__rep0.json	PILOT-2020003998	H	0		0	no_baseline
PILOT-2020003998__H__sonnet4__rep1.json	PILOT-2020003998	H	1		0	no_baseline
PILOT-2020003998__H__sonnet4__rep2.json	PILOT-2020003998	H	2		0	no_baseline
PILOT-2020004768__H__sonnet4__rep0.json	PILOT-2020004768	H	0	0.2008	12	
PILOT-2020004768__H__sonnet4__rep1.json	PILOT-2020004768	H	1	0.1915	12	
PILOT-2020004768__H__sonnet4__rep2.json	PILOT-2020004768	H	2	0.2005	12	
PILOT-2020006264__H__sonnet4__rep0.json	PILOT-2020006264	H	0	0.2464	20	
PILOT-2020006264__H__sonnet4__rep1.json	PILOT-2020006264	H	1	0.2675	20	
PILOT-2020006264__H__sonnet4__rep2.json	PILOT-2020006264	H	2	0.2675	20	
PILOT-2020006435__H__sonnet4__rep0.json	PILOT-2020006435	H	0	0.2586	22	
PILOT-2020006435__H__sonnet4__rep1.json	PILOT-2020006435	H	1	0.2586	22	
PILOT-2020006435__H__sonnet4__rep2.json	PILOT-2020006435	H	2	0.2581	22	
PILOT-2021000834__H__sonnet4__rep0.json	PILOT-2021000834	H	0	0.5139	7	
PILOT-2021000834__H__sonnet4__rep1.json	PILOT-2021000834	H	1	0.5139	7	
PILOT-2021000834__H__sonnet4__rep2.json	PILOT-2021000834	H	2	0.5139	7	
PILOT-2021001124__H__sonnet4__rep0.json	PILOT-2021001124	H	0	0.4364	11	
PILOT-2021001124__H__sonnet4__rep1.json	PILOT-2021001124	H	1	0.3544	11	
PILOT-2021001124__H__sonnet4__rep2.json	PILOT-2021001124	H	2	0.4052	11	
PILOT-2021002328__H__sonnet4__rep0.json	PILOT-2021002328	H	0	0.0839	14	
PILOT-2021002328__H__sonnet4__rep1.json	PILOT-2021002328	H	1	0.2606	14	
PILOT-2021002328__H__sonnet4__rep2.json	PILOT-2021002328	H	2	0.0839	14	
PILOT-2021003980__H__sonnet4__rep0.json	PILOT-2021003980	H	0	0.136	16	
PILOT-2021003980__H__sonnet4__rep1.json	PILOT-2021003980	H	1	0.1436	16	
PILOT-2021003980__H__sonnet4__rep2.json	PILOT-2021003980	H	2	0.1358	16	
PILOT-2022001087__H__sonnet4__rep0.json	PILOT-2022001087	H	0	0.1933	20	
PILOT-2022001087__H__sonnet4__rep1.json	PILOT-2022001087	H	1	0.4883	20	
PILOT-2022001087__H__sonnet4__rep2.json	PILOT-2022001087	H	2	0.5813	20	
PILOT-2009010505__H__haiku4.5__rep0.json	PILOT-2009010505	H	0	0.5091	22	
PILOT-2009010505__H__haiku4.5__rep1.json	PILOT-2009010505	H	1	0.4728	22	
PILOT-2009010505__H__haiku4.5__rep2.json	PILOT-2009010505	H	2	0.497	22	
PILOT-2010007757__H__haiku4.5__rep0.json	PILOT-2010007757	H	0	0.3353	3	
PILOT-2010007757__H__haiku4.5__rep1.json	PILOT-2010007757	H	1	0.3919	3	
PILOT-2010007757__H__haiku4.5__rep2.json	PILOT-2010007757	H	2	0.4218	3	
PILOT-2010008015__H__haiku4.5__rep0.json	PILOT-2010008015	H	0	0.55	1	
PILOT-2010008015__H__haiku4.5__rep1.json	PILOT-2010008015	H	1	0.4691	1	
PILOT-2010008015__H__haiku4.5__rep2.json	PILOT-2010008015	H	2	0.55	1	
PILOT-2010010196__H__haiku4.5__rep0.json	PILOT-2010010196	H	0	0.2217	17	
PILOT-2010010196__H__haiku4.5__rep1.json	PILOT-2010010196	H	1	0.1934	15	
PILOT-2010010196__H__haiku4.5__rep2.json	PILOT-2010010196	H	2	0.1793	15	
PILOT-2010011970__H__haiku4.5__rep0.json	PILOT-2010011970	H	0	0.7389	3	
PILOT-2010011970__H__haiku4.5__rep1.json	PILOT-2010011970	H	1	0.7298	3	
PILOT-2010011970__H__haiku4.5__rep2.json	PILOT-2010011970	H	2	0.6969	3	
PILOT-2011003851__H__haiku4.5__rep0.json	PILOT-2011003851	H	0	0.5262	20	
PILOT-2011003851__H__haiku4.5__rep1.json	PILOT-2011003851	H	1	0.4019	20	
PILOT-2011003851__H__haiku4.5__rep2.json	PILOT-2011003851	H	2	0.4661	20	
PILOT-2011004581__H__haiku4.5__rep0.json	PILOT-2011004581	H	0	0.5219	11	
PILOT-2011004581__H__haiku4.5__rep1.json	PILOT-2011004581	H	1	0.5175	11	
PILOT-2011004581__H__haiku4.5__rep2.json	PILOT-2011004581	H	2	0.4887	11	
PILOT-2011007474__H__haiku4.5__rep0.json	PILOT-2011007474	H	0	0.244	14	
PILOT-2011007474__H__haiku4.5__rep1.json	PILOT-2011007474	H	1	0.4613	14	
PILOT-2011007474__H__haiku4.5__rep2.json	PILOT-2011007474	H	2	0.3678	14	
PILOT-2011008843__H__haiku4.5__rep0.json	PILOT-2011008843	H	0	0.5575	1	
PILOT-2011008843__H__haiku4.5__rep1.json	PILOT-2011008843	H	1	0.5863	1	
PILOT-2011008843__H__haiku4.5__rep2.json	PILOT-2011008843	H	2	0.5567	1	
PILOT-2011009182__H__haiku4.5__rep0.json	PILOT-2011009182	H	0	0.5038	17	
PILOT-2011009182__H__haiku4.5__rep1.json	PILOT-2011009182	H	1	0.4914	17	
PILOT-2011009182__H__haiku4.5__rep2.json	PILOT-2011009182	H	2	0.4893	12	
PILOT-2011011469__H__haiku4.5__rep0.json	PILOT-2011011469	H	0	0.49	7	
PILOT-2011011469__H__haiku4.5__rep1.json	PILOT-2011011469	H	1	0.5265	7	
PILOT-2011011469__H__haiku4.5__rep2.json	PILOT-2011011469	H	2	0.4594	7	
PILOT-2011012180__H__haiku4.5__rep0.json	PILOT-2011012180	H	0	0.4452	9	
PILOT-2011012180__H__haiku4.5__rep1.json	PILOT-2011012180	H	1	0.5333	9	
PILOT-2011012180__H__haiku4.5__rep2.json	PILOT-2011012180	H	2	0.4647	9	
PILOT-2011013110__H__haiku4.5__rep0.json	PILOT-2011013110	H	0	0.5271	11	
PILOT-2011013110__H__haiku4.5__rep1.json	PILOT-2011013110	H	1	0.6306	6	
PILOT-2011013110__H__haiku4.5__rep2.json	PILOT-2011013110	H	2	0.6094	7	
PILOT-2012000327__H__haiku4.5__rep0.json	PILOT-2012000327	H	0	0.2701	10	
PILOT-2012000327__H__haiku4.5__rep1.json	PILOT-2012000327	H	1	0.3274	10	
PILOT-2012000327__H__haiku4.5__rep2.json	PILOT-2012000327	H	2	0.2905	10	
PILOT-2012003288__H__haiku4.5__rep0.json	PILOT-2012003288	H	0	0.6115	4	
PILOT-2012003288__H__haiku4.5__rep1.json	PILOT-2012003288	H	1	0.5065	4	
PILOT-2012003288__H__haiku4.5__rep2.json	PILOT-2012003288	H	2	0.5307	4	
PILOT-2012005674__H__haiku4.5__rep0.json	PILOT-2012005674	H	0	0.6042	7	
PILOT-2012005674__H__haiku4.5__rep1.json	PILOT-2012005674	H	1	0.5906	7	
PILOT-2012005674__H__haiku4.5__rep2.json	PILOT-2012005674	H	2	0.5244	7	
PILOT-2012006145__H__haiku4.5__rep0.json	PILOT-2012006145	H	0	0.5107	5	
PILOT-2012006145__H__haiku4.5__rep1.json	PILOT-2012006145	H	1	0.1406	23	
PILOT-2012006145__H__haiku4.5__rep2.json	PILOT-2012006145	H	2	0.1401	23	
PILOT-2012007524__H__haiku4.5__rep0.json	PILOT-2012007524	H	0	0.6025	7	
PILOT-2012007524__H__haiku4.5__rep1.json	PILOT-2012007524	H	1	0.6058	7	
PILOT-2012007524__H__haiku4.5__rep2.json	PILOT-2012007524	H	2	0.6117	7	
PILOT-2012008496__H__haiku4.5__rep0.json	PILOT-2012008496	H	0	0.2985	15	
PILOT-2012008496__H__haiku4.5__rep1.json	PILOT-2012008496	H	1	0.3401	15	
PILOT-2012008496__H__haiku4.5__rep2.json	PILOT-2012008496	H	2	0.259	15	
PILOT-2012010015__H__haiku4.5__rep0.json	PILOT-2012010015	H	0	0.1682	14	
PILOT-2012010015__H__haiku4.5__rep1.json	PILOT-2012010015	H	1	0.1756	11	
PILOT-2012010015__H__haiku4.5__rep2.json	PILOT-2012010015	H	2	0.1581	11	
PILOT-2013000789__H__haiku4.5__rep0.json	PILOT-2013000789	H	0	0.5271	11	
PILOT-2013000789__H__haiku4.5__rep1.json	PILOT-2013000789	H	1	0.5102	9	
PILOT-2013000789__H__haiku4.5__rep2.json	PILOT-2013000789	H	2	0.5414	9	
PILOT-2013001277__H__haiku4.5__rep0.json	PILOT-2013001277	H	0	0.1934	5	
PILOT-2013001277__H__haiku4.5__rep1.json	PILOT-2013001277	H	1	0.1797	7	
PILOT-2013001277__H__haiku4.5__rep2.json	PILOT-2013001277	H	2	0.2472	7	
PILOT-2013007708__H__haiku4.5__rep0.json	PILOT-2013007708	H	0	0.2367	16	
PILOT-2013007708__H__haiku4.5__rep1.json	PILOT-2013007708	H	1	0.2918	16	
PILOT-2013007708__H__haiku4.5__rep2.json	PILOT-2013007708	H	2	0.2287	16	
PILOT-2014002407__H__haiku4.5__rep0.json	PILOT-2014002407	H	0		0	no_aligned_claims
PILOT-2014002407__H__haiku4.5__rep1.json	PILOT-2014002407	H	1		0	no_aligned_claims
PILOT-2014002407__H__haiku4.5__rep2.json	PILOT-2014002407	H	2		0	no_aligned_claims
PILOT-2014002745__H__haiku4.5__rep0.json	PILOT-2014002745	H	0	0.4745	9	
PILOT-2014002745__H__haiku4.5__rep1.json	PILOT-2014002745	H	1	0.4745	9	
PILOT-2014002745__H__haiku4.5__rep2.json	PILOT-2014002745	H	2	0.4804	14	
PILOT-2014003236__H__haiku4.5__rep0.json	PILOT-2014003236	H	0	0.1787	2	
PILOT-2014003236__H__haiku4.5__rep1.json	PILOT-2014003236	H	1	0.2167	2	
PILOT-2014003236__H__haiku4.5__rep2.json	PILOT-2014003236	H	2	0.2167	2	
PILOT-2014003587__H__haiku4.5__rep0.json	PILOT-2014003587	H	0	0.4358	19	
PILOT-2014003587__H__haiku4.5__rep1.json	PILOT-2014003587	H	1	0.4136	19	
PILOT-2014003587__H__haiku4.5__rep2.json	PILOT-2014003587	H	2	0.3931	19	
PILOT-2014006550__H__haiku4.5__rep0.json	PILOT-2014006550	H	0	0.4537	20	
PILOT-2014006550__H__haiku4.5__rep1.json	PILOT-2014006550	H	1	0.4117	20	
PILOT-2014006550__H__haiku4.5__rep2.json	PILOT-2014006550	H	2	0.3963	20	
PILOT-2014007043__H__haiku4.5__rep0.json	PILOT-2014007043	H	0	0.3635	5	
PILOT-2014007043__H__haiku4.5__rep1.json	PILOT-2014007043	H	1	0.3809	5	
PILOT-2014007043__H__haiku4.5__rep2.json	PILOT-2014007043	H	2	0.3614	5	
PILOT-2014008375__H__haiku4.5__rep0.json	PILOT-2014008375	H	0	0.3069	3	
PILOT-2014008375__H__haiku4.5__rep1.json	PILOT-2014008375	H	1	0.3854	2	
PILOT-2014008375__H__haiku4.5__rep2.json	PILOT-2014008375	H	2	0.4319	2	
PILOT-2014009096__H__haiku4.5__rep0.json	PILOT-2014009096	H	0	0.6075	4	
PILOT-2014009096__H__haiku4.5__rep1.json	PILOT-2014009096	H	1	0.6075	4	
PILOT-2014009096__H__haiku4.5__rep2.json	PILOT-2014009096	H	2	0.6075	4	
PILOT-2014009182__H__haiku4.5__rep0.json	PILOT-2014009182	H	0	0.3704	12	
PILOT-2014009182__H__haiku4.5__rep1.json	PILOT-2014009182	H	1	0.4618	12	
PILOT-2014009182__H__haiku4.5__rep2.json	PILOT-2014009182	H	2	0.4563	12	
PILOT-2014009970__H__haiku4.5__rep0.json	PILOT-2014009970	H	0	0.3532	9	
PILOT-2014009970__H__haiku4.5__rep1.json	PILOT-2014009970	H	1	0.4418	9	
PILOT-2014009970__H__haiku4.5__rep2.json	PILOT-2014009970	H	2	0.4289	9	
PILOT-2015000199__H__haiku4.5__rep0.json	PILOT-2015000199	H	0	0.1914	10	
PILOT-2015000199__H__haiku4.5__rep1.json	PILOT-2015000199	H	1	0.1865	10	
PILOT-2015000199__H__haiku4.5__rep2.json	PILOT-2015000199	H	2	0.2024	10	
PILOT-2015004151__H__haiku4.5__rep0.json	PILOT-2015004151	H	0	0.3729	6	
PILOT-2015004151__H__haiku4.5__rep1.json	PILOT-2015004151	H	1	0.3362	6	
PILOT-2015004151__H__haiku4.5__rep2.json	PILOT-2015004151	H	2	0.3089	6	
PILOT-2015004158__H__haiku4.5__rep0.json	PILOT-2015004158	H	0	0.1011	6	
PILOT-2015004158__H__haiku4.5__rep1.json	PILOT-2015004158	H	1	0.1583	4	
PILOT-2015004158__H__haiku4.5__rep2.json	PILOT-2015004158	H	2	0.1173	6	
PILOT-2015004926__H__haiku4.5__rep0.json	PILOT-2015004926	H	0	0.4823	15	
PILOT-2015004926__H__haiku4.5__rep1.json	PILOT-2015004926	H	1	0.4249	11	
PILOT-2015004926__H__haiku4.5__rep2.json	PILOT-2015004926	H	2	0.4268	14	
PILOT-2015005752__H__haiku4.5__rep0.json	PILOT-2015005752	H	0	0.4306	7	
PILOT-2015005752__H__haiku4.5__rep1.json	PILOT-2015005752	H	1	0.4023	7	
PILOT-2015005752__H__haiku4.5__rep2.json	PILOT-2015005752	H	2	0.6154	4	
PILOT-2015006206__H__haiku4.5__rep0.json	PILOT-2015006206	H	0	0.3885	7	
PILOT-2015006206__H__haiku4.5__rep1.json	PILOT-2015006206	H	1	0.3163	7	
PILOT-2015006206__H__haiku4.5__rep2.json	PILOT-2015006206	H	2	0.4381	7	
PILOT-2015006603__H__haiku4.5__rep0.json	PILOT-2015006603	H	0	0.4029	20	
PILOT-2015006603__H__haiku4.5__rep1.json	PILOT-2015006603	H	1	0.4133	20	
PILOT-2015006603__H__haiku4.5__rep2.json	PILOT-2015006603	H	2	0.2075	20	
PILOT-2016000830__H__haiku4.5__rep0.json	PILOT-2016000830	H	0	0.3177	2	
PILOT-2016000830__H__haiku4.5__rep1.json	PILOT-2016000830	H	1	0.299	2	
PILOT-2016000830__H__haiku4.5__rep2.json	PILOT-2016000830	H	2	0.365	2	
PILOT-2016000849__H__haiku4.5__rep0.json	PILOT-2016000849	H	0	0.405	7	
PILOT-2016000849__H__haiku4.5__rep1.json	PILOT-2016000849	H	1	0.1864	39	
PILOT-2016000849__H__haiku4.5__rep2.json	PILOT-2016000849	H	2	0.1727	39	
PILOT-2016003042__H__haiku4.5__rep0.json	PILOT-2016003042	H	0	0.4307	7	
PILOT-2016003042__H__haiku4.5__rep1.json	PILOT-2016003042	H	1	0.5035	7	
PILOT-2016003042__H__haiku4.5__rep2.json	PILOT-2016003042	H	2	0.5217	7	
PILOT-2016004446__H__haiku4.5__rep0.json	PILOT-2016004446	H	0	0.3235	3	
PILOT-2016004446__H__haiku4.5__rep1.json	PILOT-2016004446	H	1	0.4524	3	
PILOT-2016004446__H__haiku4.5__rep2.json	PILOT-2016004446	H	2	0.3289	3	
PILOT-2016005844__H__haiku4.5__rep0.json	PILOT-2016005844	H	0	0.5337	4	
PILOT-2016005844__H__haiku4.5__rep1.json	PILOT-2016005844	H	1	0.5215	4	
PILOT-2016005844__H__haiku4.5__rep2.json	PILOT-2016005844	H	2	0.5219	4	
PILOT-2016006702__H__haiku4.5__rep0.json	PILOT-2016006702	H	0	0.5219	10	
PILOT-2016006702__H__haiku4.5__rep1.json	PILOT-2016006702	H	1	0.2938	30	
PILOT-2016006702__H__haiku4.5__rep2.json	PILOT-2016006702	H	2	0.2757	30	
PILOT-2016007603__H__haiku4.5__rep0.json	PILOT-2016007603	H	0	0.3523	5	
PILOT-2016007603__H__haiku4.5__rep1.json	PILOT-2016007603	H	1	0.355	5	
PILOT-2016007603__H__haiku4.5__rep2.json	PILOT-2016007603	H	2	0.311	5	
PILOT-2016007888__H__haiku4.5__rep0.json	PILOT-2016007888	H	0	0.4667	6	
PILOT-2016007888__H__haiku4.5__rep1.json	PILOT-2016007888	H	1	0.4476	6	
PILOT-2016007888__H__haiku4.5__rep2.json	PILOT-2016007888	H	2	0.4686	6	
PILOT-2017000071__H__haiku4.5__rep0.json	PILOT-2017000071	H	0		0	no_baseline
PILOT-2017000071__H__haiku4.5__rep1.json	PILOT-2017000071	H	1		0	no_baseline
PILOT-2017000071__H__haiku4.5__rep2.json	PILOT-2017000071	H	2		0	no_baseline
PILOT-2017000093__H__haiku4.5__rep0.json	PILOT-2017000093	H	0	0.4185	17	
PILOT-2017000093__H__haiku4.5__rep1.json	PILOT-2017000093	H	1	0.4334	17	
PILOT-2017000093__H__haiku4.5__rep2.json	PILOT-2017000093	H	2	0.4523	17	
PILOT-2017001422__H__haiku4.5__rep0.json	PILOT-2017001422	H	0	0.4286	2	
PILOT-2017001422__H__haiku4.5__rep1.json	PILOT-2017001422	H	1	0.5035	2	
PILOT-2017001422__H__haiku4.5__rep2.json	PILOT-2017001422	H	2	0.456	2	
PILOT-2017002001__H__haiku4.5__rep0.json	PILOT-2017002001	H	0	0.5684	14	
PILOT-2017002001__H__haiku4.5__rep1.json	PILOT-2017002001	H	1	0.4206	13	
PILOT-2017002001__H__haiku4.5__rep2.json	PILOT-2017002001	H	2	0.5378	19	
PILOT-2017002029__H__haiku4.5__rep0.json	PILOT-2017002029	H	0	0.2608	23	
PILOT-2017002029__H__haiku4.5__rep1.json	PILOT-2017002029	H	1	0.2497	23	
PILOT-2017002029__H__haiku4.5__rep2.json	PILOT-2017002029	H	2	0.2655	23	
PILOT-2017003676__H__haiku4.5__rep0.json	PILOT-2017003676	H	0	0.3724	19	
PILOT-2017003676__H__haiku4.5__rep1.json	PILOT-2017003676	H	1	0.5076	14	
PILOT-2017003676__H__haiku4.5__rep2.json	PILOT-2017003676	H	2	0.3639	19	
PILOT-2017004144__H__haiku4.5__rep0.json	PILOT-2017004144	H	0	0.3509	7	
PILOT-2017004144__H__haiku4.5__rep1.json	PILOT-2017004144	H	1	0.3509	7	
PILOT-2017004144__H__haiku4.5__rep2.json	PILOT-2017004144	H	2	0.4929	3	
PILOT-2017004286__H__haiku4.5__rep0.json	PILOT-2017004286	H	0	0.3693	24	
PILOT-2017004286__H__haiku4.5__rep1.json	PILOT-2017004286	H	1	0.3847	25	
PILOT-2017004286__H__haiku4.5__rep2.json	PILOT-2017004286	H	2	0.3442	25	
PILOT-2017005259__H__haiku4.5__rep0.json	PILOT-2017005259	H	0	0.3007	12	
PILOT-2017005259__H__haiku4.5__rep1.json	PILOT-2017005259	H	1	0.3637	12	
PILOT-2017005259__H__haiku4.5__rep2.json	PILOT-2017005259	H	2	0.2924	12	
PILOT-2017005493__H__haiku4.5__rep0.json	PILOT-2017005493	H	0	0.3488	20	
PILOT-2017005493__H__haiku4.5__rep1.json	PILOT-2017005493	H	1	0.4651	9	
PILOT-2017005493__H__haiku4.5__rep2.json	PILOT-2017005493	H	2	0.4426	10	
PILOT-2017006188__H__haiku4.5__rep0.json	PILOT-2017006188	H	0		0	no_aligned_claims
PILOT-2017006188__H__haiku4.5__rep1.json	PILOT-2017006188	H	1		0	no_aligned_claims
PILOT-2017006188__H__haiku4.5__rep2.json	PILOT-2017006188	H	2		0	no_aligned_claims
PILOT-2017007272__H__haiku4.5__rep0.json	PILOT-2017007272	H	0	0.5587	7	
PILOT-2017007272__H__haiku4.5__rep1.json	PILOT-2017007272	H	1	0.4489	6	
PILOT-2017007272__H__haiku4.5__rep2.json	PILOT-2017007272	H	2	0.4123	6	
PILOT-2017007595__H__haiku4.5__rep0.json	PILOT-2017007595	H	0	0.5003	6	
PILOT-2017007595__H__haiku4.5__rep1.json	PILOT-2017007595	H	1	0.4982	7	
PILOT-2017007595__H__haiku4.5__rep2.json	PILOT-2017007595	H	2	0.531	7	
PILOT-2017009415__H__haiku4.5__rep0.json	PILOT-2017009415	H	0	0.546	13	
PILOT-2017009415__H__haiku4.5__rep1.json	PILOT-2017009415	H	1	0.5388	13	
PILOT-2017009415__H__haiku4.5__rep2.json	PILOT-2017009415	H	2	0.4606	13	
PILOT-2017010497__H__haiku4.5__rep0.json	PILOT-2017010497	H	0	0.5155	11	
PILOT-2017010497__H__haiku4.5__rep1.json	PILOT-2017010497	H	1	0.4929	12	
PILOT-2017010497__H__haiku4.5__rep2.json	PILOT-2017010497	H	2	0.5857	13	
PILOT-2017010632__H__haiku4.5__rep0.json	PILOT-2017010632	H	0	0.6409	2	
PILOT-2017010632__H__haiku4.5__rep1.json	PILOT-2017010632	H	1	0.6146	2	
PILOT-2017010632__H__haiku4.5__rep2.json	PILOT-2017010632	H	2	0.8162	2	
PILOT-2018000427__H__haiku4.5__rep0.json	PILOT-2018000427	H	0	0.6635	2	
PILOT-2018000427__H__haiku4.5__rep1.json	PILOT-2018000427	H	1	0.642	2	
PILOT-2018000427__H__haiku4.5__rep2.json	PILOT-2018000427	H	2	0.5855	2	
PILOT-2018001232__H__haiku4.5__rep0.json	PILOT-2018001232	H	0	0.4135	16	
PILOT-2018001232__H__haiku4.5__rep1.json	PILOT-2018001232	H	1	0.4806	16	
PILOT-2018001232__H__haiku4.5__rep2.json	PILOT-2018001232	H	2	0.3776	16	
PILOT-2018003513__H__haiku4.5__rep0.json	PILOT-2018003513	H	0	0.4182	11	
PILOT-2018003513__H__haiku4.5__rep1.json	PILOT-2018003513	H	1	0.4382	11	
PILOT-2018003513__H__haiku4.5__rep2.json	PILOT-2018003513	H	2	0.3958	11	
PILOT-2018005420__H__haiku4.5__rep0.json	PILOT-2018005420	H	0	0.3018	21	
PILOT-2018005420__H__haiku4.5__rep1.json	PILOT-2018005420	H	1	0.2632	21	
PILOT-2018005420__H__haiku4.5__rep2.json	PILOT-2018005420	H	2	0.273	25	
PILOT-2018005863__H__haiku4.5__rep0.json	PILOT-2018005863	H	0	0.2082	25	
PILOT-2018005863__H__haiku4.5__rep1.json	PILOT-2018005863	H	1	0.2286	25	
PILOT-2018005863__H__haiku4.5__rep2.json	PILOT-2018005863	H	2	0.2076	25	
PILOT-2018007886__H__haiku4.5__rep0.json	PILOT-2018007886	H	0	0.6161	6	
PILOT-2018007886__H__haiku4.5__rep1.json	PILOT-2018007886	H	1	0.5887	6	
PILOT-2018007886__H__haiku4.5__rep2.json	PILOT-2018007886	H	2	0.5927	6	
PILOT-2018007979__H__haiku4.5__rep0.json	PILOT-2018007979	H	0	0.6546	3	
PILOT-2018007979__H__haiku4.5__rep1.json	PILOT-2018007979	H	1	0.71	3	
PILOT-2018007979__H__haiku4.5__rep2.json	PILOT-2018007979	H	2	0.7297	3	
PILOT-2019001867__H__haiku4.5__rep0.json	PILOT-2019001867	H	0	0.1832	23	
PILOT-2019001867__H__haiku4.5__rep1.json	PILOT-2019001867	H	1	0.1832	23	
PILOT-2019001867__H__haiku4.5__rep2.json	PILOT-2019001867	H	2	0.1965	23	
PILOT-2019002001__H__haiku4.5__rep0.json	PILOT-2019002001	H	0	0.5609	18	
PILOT-2019002001__H__haiku4.5__rep1.json	PILOT-2019002001	H	1	0.5703	18	
PILOT-2019002001__H__haiku4.5__rep2.json	PILOT-2019002001	H	2	0.4918	18	
PILOT-2019002439__H__haiku4.5__rep0.json	PILOT-2019002439	H	0	0.5342	23	
PILOT-2019002439__H__haiku4.5__rep1.json	PILOT-2019002439	H	1	0.4742	25	
PILOT-2019002439__H__haiku4.5__rep2.json	PILOT-2019002439	H	2	0.5335	25	
PILOT-2019003829__H__haiku4.5__rep0.json	PILOT-2019003829	H	0	0.5194	4	
PILOT-2019003829__H__haiku4.5__rep1.json	PILOT-2019003829	H	1	0.4999	5	
PILOT-2019003829__H__haiku4.5__rep2.json	PILOT-2019003829	H	2	0.421	6	
PILOT-2019005007__H__haiku4.5__rep0.json	PILOT-2019005007	H	0	0.1402	20	
PILOT-2019005007__H__haiku4.5__rep1.json	PILOT-2019005007	H	1	0.1396	20	
PILOT-2019005007__H__haiku4.5__rep2.json	PILOT-2019005007	H	2	0.1308	20	
PILOT-2019005292__H__haiku4.5__rep0.json	PILOT-2019005292	H	0	0.2662	20	
PILOT-2019005292__H__haiku4.5__rep1.json	PILOT-2019005292	H	1	0.2536	20	
PILOT-2019005292__H__haiku4.5__rep2.json	PILOT-2019005292	H	2	0.2536	20	
PILOT-2019005776__H__haiku4.5__rep0.json	PILOT-2019005776	H	0	0.4304	1	
PILOT-2019005776__H__haiku4.5__rep1.json	PILOT-2019005776	H	1	0.4304	1	
PILOT-2019005776__H__haiku4.5__rep2.json	PILOT-2019005776	H	2	0.4304	1	
PILOT-2019006119__H__haiku4.5__rep0.json	PILOT-2019006119	H	0	0.3936	1	
PILOT-2019006119__H__haiku4.5__rep1.json	PILOT-2019006119	H	1	0.3253	1	
PILOT-2019006119__H__haiku4.5__rep2.json	PILOT-2019006119	H	2	0.4214	1	
PILOT-2019006614__H__haiku4.5__rep0.json	PILOT-2019006614	H	0		0	no_baseline
PILOT-2019006614__H__haiku4.5__rep1.json	PILOT-2019006614	H	1		0	no_baseline
PILOT-2019006614__H__haiku4.5__rep2.json	PILOT-2019006614	H	2		0	no_baseline
PILOT-2020000122__H__haiku4.5__rep0.json	PILOT-2020000122	H	0	0.427	19	
PILOT-2020000122__H__haiku4.5__rep1.json	PILOT-2020000122	H	1	0.5221	12	
PILOT-2020000122__H__haiku4.5__rep2.json	PILOT-2020000122	H	2	0.49	16	
PILOT-2020000158__H__haiku4.5__rep0.json	PILOT-2020000158	H	0	0.3363	20	
PILOT-2020000158__H__haiku4.5__rep1.json	PILOT-2020000158	H	1	0.3546	20	
PILOT-2020000158__H__haiku4.5__rep2.json	PILOT-2020000158	H	2	0.343	20	
PILOT-2020000362__H__haiku4.5__rep0.json	PILOT-2020000362	H	0	0.4421	15	
PILOT-2020000362__H__haiku4.5__rep1.json	PILOT-2020000362	H	1	0.4188	15	
PILOT-2020000362__H__haiku4.5__rep2.json	PILOT-2020000362	H	2	0.3608	15	
PILOT-2020000402__H__haiku4.5__rep0.json	PILOT-2020000402	H	0	0.6069	6	
PILOT-2020000402__H__haiku4.5__rep1.json	PILOT-2020000402	H	1	0.5203	2	
PILOT-2020000402__H__haiku4.5__rep2.json	PILOT-2020000402	H	2	0.4075	6	
PILOT-2020000676__H__haiku4.5__rep0.json	PILOT-2020000676	H	0	0.1355	6	
PILOT-2020000676__H__haiku4.5__rep1.json	PILOT-2020000676	H	1	0.1409	6	
PILOT-2020000676__H__haiku4.5__rep2.json	PILOT-2020000676	H	2	0.1576	6	
PILOT-2020001769__H__haiku4.5__rep0.json	PILOT-2020001769	H	0	0.1509	9	
PILOT-2020001769__H__haiku4.5__rep1.json	PILOT-2020001769	H	1	0.1778	10	
PILOT-2020001769__H__haiku4.5__rep2.json	PILOT-2020001769	H	2	0.1671	10	
PILOT-2020002332__H__haiku4.5__rep0.json	PILOT-2020002332	H	0	0.3222	25	
PILOT-2020002332__H__haiku4.5__rep1.json	PILOT-2020002332	H	1	0.2075	25	
PILOT-2020002332__H__haiku4.5__rep2.json	PILOT-2020002332	H	2	0.212	25	
PILOT-2020002369__H__haiku4.5__rep0.json	PILOT-2020002369	H	0	0.1329	20	
PILOT-2020002369__H__haiku4.5__rep1.json	PILOT-2020002369	H	1	0.1296	20	
PILOT-2020002369__H__haiku4.5__rep2.json	PILOT-2020002369	H	2	0.1296	20	
PILOT-2020002555__H__haiku4.5__rep0.json	PILOT-2020002555	H	0	0.4933	20	
PILOT-2020002555__H__haiku4.5__rep1.json	PILOT-2020002555	H	1	0.4903	20	
PILOT-2020002555__H__haiku4.5__rep2.json	PILOT-2020002555	H	2	0.4811	20	
PILOT-2020002688__H__haiku4.5__rep0.json	PILOT-2020002688	H	0	0.4621	8	
PILOT-2020002688__H__haiku4.5__rep1.json	PILOT-2020002688	H	1	0.5308	8	
PILOT-2020002688__H__haiku4.5__rep2.json	PILOT-2020002688	H	2	0.5282	8	
PILOT-2020002729__H__haiku4.5__rep0.json	PILOT-2020002729	H	0	0.5556	11	
PILOT-2020002729__H__haiku4.5__rep1.json	PILOT-2020002729	H	1	0.4336	11	
PILOT-2020002729__H__haiku4.5__rep2.json	PILOT-2020002729	H	2	0.5662	11	
PILOT-2020003998__H__haiku4.5__rep0.json	PILOT-2020003998	H	0		0	no_baseline
PILOT-2020003998__H__haiku4.5__rep1.json	PILOT-2020003998	H	1		0	no_baseline
PILOT-2020003998__H__haiku4.5__rep2.json	PILOT-2020003998	H	2		0	no_baseline
PILOT-2020004768__H__haiku4.5__rep0.json	PILOT-2020004768	H	0	0.2466	12	
PILOT-2020004768__H__haiku4.5__rep1.json	PILOT-2020004768	H	1	0.1961	12	
PILOT-2020004768__H__haiku4.5__rep2.json	PILOT-2020004768	H	2	0.2283	12	
PILOT-2020006264__H__haiku4.5__rep0.json	PILOT-2020006264	H	0	0.4155	20	
PILOT-2020006264__H__haiku4.5__rep1.json	PILOT-2020006264	H	1	0.2935	20	
PILOT-2020006264__H__haiku4.5__rep2.json	PILOT-2020006264	H	2	0.3262	20	
PILOT-2020006435__H__haiku4.5__rep0.json	PILOT-2020006435	H	0	0.2774	22	
PILOT-2020006435__H__haiku4.5__rep1.json	PILOT-2020006435	H	1	0.2712	22	
PILOT-2020006435__H__haiku4.5__rep2.json	PILOT-2020006435	H	2	0.2829	22	
PILOT-2021000834__H__haiku4.5__rep0.json	PILOT-2021000834	H	0	0.4847	6	
PILOT-2021000834__H__haiku4.5__rep1.json	PILOT-2021000834	H	1	0.517	7	
PILOT-2021000834__H__haiku4.5__rep2.json	PILOT-2021000834	H	2	0.4901	7	
PILOT-2021001124__H__haiku4.5__rep0.json	PILOT-2021001124	H	0	0.5215	11	
PILOT-2021001124__H__haiku4.5__rep1.json	PILOT-2021001124	H	1	0.5043	10	
PILOT-2021001124__H__haiku4.5__rep2.json	PILOT-2021001124	H	2	0.5638	11	
PILOT-2021002328__H__haiku4.5__rep0.json	PILOT-2021002328	H	0	0.3026	14	
PILOT-2021002328__H__haiku4.5__rep1.json	PILOT-2021002328	H	1	0.5967	4	
PILOT-2021002328__H__haiku4.5__rep2.json	PILOT-2021002328	H	2	0.3233	14	
PILOT-2021003980__H__haiku4.5__rep0.json	PILOT-2021003980	H	0	0.3835	16	
PILOT-2021003980__H__haiku4.5__rep1.json	PILOT-2021003980	H	1	0.2596	16	
PILOT-2021003980__H__haiku4.5__rep2.json	PILOT-2021003980	H	2	0.2442	16	
PILOT-2022001087__H__haiku4.5__rep0.json	PILOT-2022001087	H	0	0.7588	20	
PILOT-2022001087__H__haiku4.5__rep1.json	PILOT-2022001087	H	1	0.6235	20	
PILOT-2022001087__H__haiku4.5__rep2.json	PILOT-2022001087	H	2	0.4782	20	
PILOT-2009010505__H__gpt5.4__rep0.json	PILOT-2009010505	H	0	0.2826	22	
PILOT-2009010505__H__gpt5.4__rep1.json	PILOT-2009010505	H	1	0.2739	22	
PILOT-2009010505__H__gpt5.4__rep2.json	PILOT-2009010505	H	2	0.2826	22	
PILOT-2010007757__H__gpt5.4__rep0.json	PILOT-2010007757	H	0	0.4521	3	
PILOT-2010007757__H__gpt5.4__rep1.json	PILOT-2010007757	H	1	0.3461	3	
PILOT-2010007757__H__gpt5.4__rep2.json	PILOT-2010007757	H	2	0.3087	3	
PILOT-2010008015__H__gpt5.4__rep0.json	PILOT-2010008015	H	0	0.5597	1	
PILOT-2010008015__H__gpt5.4__rep1.json	PILOT-2010008015	H	1	0.5597	1	
PILOT-2010008015__H__gpt5.4__rep2.json	PILOT-2010008015	H	2	0.5181	1	
PILOT-2010010196__H__gpt5.4__rep0.json	PILOT-2010010196	H	0	0.2024	18	
PILOT-2010010196__H__gpt5.4__rep1.json	PILOT-2010010196	H	1	0.2284	18	
PILOT-2010010196__H__gpt5.4__rep2.json	PILOT-2010010196	H	2	0.217	18	
PILOT-2010011970__H__gpt5.4__rep0.json	PILOT-2010011970	H	0	0.0919	1	
PILOT-2010011970__H__gpt5.4__rep1.json	PILOT-2010011970	H	1	0.5136	1	
PILOT-2010011970__H__gpt5.4__rep2.json	PILOT-2010011970	H	2	0.0278	1	
PILOT-2011003851__H__gpt5.4__rep0.json	PILOT-2011003851	H	0	0.1934	20	
PILOT-2011003851__H__gpt5.4__rep1.json	PILOT-2011003851	H	1	0.2315	20	
PILOT-2011003851__H__gpt5.4__rep2.json	PILOT-2011003851	H	2	0.1934	20	
PILOT-2011004581__H__gpt5.4__rep0.json	PILOT-2011004581	H	0	0.4955	11	
PILOT-2011004581__H__gpt5.4__rep1.json	PILOT-2011004581	H	1	0.3178	11	
PILOT-2011004581__H__gpt5.4__rep2.json	PILOT-2011004581	H	2	0.3772	11	
PILOT-2011007474__H__gpt5.4__rep0.json	PILOT-2011007474	H	0	0.2256	14	
PILOT-2011007474__H__gpt5.4__rep1.json	PILOT-2011007474	H	1	0.2365	14	
PILOT-2011007474__H__gpt5.4__rep2.json	PILOT-2011007474	H	2	0.2256	14	
PILOT-2011008843__H__gpt5.4__rep0.json	PILOT-2011008843	H	0	0.6369	1	
PILOT-2011008843__H__gpt5.4__rep1.json	PILOT-2011008843	H	1	0.7087	1	
PILOT-2011008843__H__gpt5.4__rep2.json	PILOT-2011008843	H	2	0.6369	1	
PILOT-2011009182__H__gpt5.4__rep0.json	PILOT-2011009182	H	0	0.1749	17	
PILOT-2011009182__H__gpt5.4__rep1.json	PILOT-2011009182	H	1	0.1634	17	
PILOT-2011009182__H__gpt5.4__rep2.json	PILOT-2011009182	H	2	0.1692	17	
PILOT-2011011469__H__gpt5.4__rep0.json	PILOT-2011011469	H	0	0.3435	5	
PILOT-2011011469__H__gpt5.4__rep1.json	PILOT-2011011469	H	1	0.4036	7	
PILOT-2011011469__H__gpt5.4__rep2.json	PILOT-2011011469	H	2	0.3551	5	
PILOT-2011012180__H__gpt5.4__rep0.json	PILOT-2011012180	H	0	0.4064	9	
PILOT-2011012180__H__gpt5.4__rep1.json	PILOT-2011012180	H	1	0.2519	9	
PILOT-2011012180__H__gpt5.4__rep2.json	PILOT-2011012180	H	2	0.2812	9	
PILOT-2011013110__H__gpt5.4__rep0.json	PILOT-2011013110	H	0	0.1873	11	
PILOT-2011013110__H__gpt5.4__rep1.json	PILOT-2011013110	H	1	0.5618	11	
PILOT-2011013110__H__gpt5.4__rep2.json	PILOT-2011013110	H	2	0.341	11	
PILOT-2012000327__H__gpt5.4__rep0.json	PILOT-2012000327	H	0	0.3895	10	
PILOT-2012000327__H__gpt5.4__rep1.json	PILOT-2012000327	H	1	0.416	10	
PILOT-2012000327__H__gpt5.4__rep2.json	PILOT-2012000327	H	2	0.3773	6	
PILOT-2012003288__H__gpt5.4__rep0.json	PILOT-2012003288	H	0	0.5212	4	
PILOT-2012003288__H__gpt5.4__rep1.json	PILOT-2012003288	H	1	0.4994	4	
PILOT-2012003288__H__gpt5.4__rep2.json	PILOT-2012003288	H	2	0.5292	4	
PILOT-2012005674__H__gpt5.4__rep0.json	PILOT-2012005674	H	0	0.2034	7	
PILOT-2012005674__H__gpt5.4__rep1.json	PILOT-2012005674	H	1	0.1975	7	
PILOT-2012005674__H__gpt5.4__rep2.json	PILOT-2012005674	H	2	0.2034	7	
PILOT-2012006145__H__gpt5.4__rep0.json	PILOT-2012006145	H	0	0.1317	23	
PILOT-2012006145__H__gpt5.4__rep1.json	PILOT-2012006145	H	1	0.1447	23	
PILOT-2012006145__H__gpt5.4__rep2.json	PILOT-2012006145	H	2	0.1447	23	
PILOT-2012007524__H__gpt5.4__rep0.json	PILOT-2012007524	H	0	0.435	7	
PILOT-2012007524__H__gpt5.4__rep1.json	PILOT-2012007524	H	1	0.211	7	
PILOT-2012007524__H__gpt5.4__rep2.json	PILOT-2012007524	H	2	0.277	7	
PILOT-2012008496__H__gpt5.4__rep0.json	PILOT-2012008496	H	0	0.197	18	
PILOT-2012008496__H__gpt5.4__rep1.json	PILOT-2012008496	H	1	0.2139	14	
PILOT-2012008496__H__gpt5.4__rep2.json	PILOT-2012008496	H	2	0.338	18	
PILOT-2012010015__H__gpt5.4__rep0.json	PILOT-2012010015	H	0	0.1853	14	
PILOT-2012010015__H__gpt5.4__rep1.json	PILOT-2012010015	H	1	0.1878	14	
PILOT-2012010015__H__gpt5.4__rep2.json	PILOT-2012010015	H	2	0.2037	14	
PILOT-2013000789__H__gpt5.4__rep0.json	PILOT-2013000789	H	0	0.5323	11	
PILOT-2013000789__H__gpt5.4__rep1.json	PILOT-2013000789	H	1	0.5324	11	
PILOT-2013000789__H__gpt5.4__rep2.json	PILOT-2013000789	H	2	0.4924	11	
PILOT-2013001277__H__gpt5.4__rep0.json	PILOT-2013001277	H	0	0.1808	7	
PILOT-2013001277__H__gpt5.4__rep1.json	PILOT-2013001277	H	1	0.2483	7	
PILOT-2013001277__H__gpt5.4__rep2.json	PILOT-2013001277	H	2	0.1492	7	
PILOT-2013007708__H__gpt5.4__rep0.json	PILOT-2013007708	H	0	0.1179	16	
PILOT-2013007708__H__gpt5.4__rep1.json	PILOT-2013007708	H	1	0.1249	16	
PILOT-2013007708__H__gpt5.4__rep2.json	PILOT-2013007708	H	2	0.1179	16	
PILOT-2014002407__H__gpt5.4__rep0.json	PILOT-2014002407	H	0	0.5868	4	
PILOT-2014002407__H__gpt5.4__rep1.json	PILOT-2014002407	H	1	0.4941	4	
PILOT-2014002407__H__gpt5.4__rep2.json	PILOT-2014002407	H	2	0.4879	4	
PILOT-2014002745__H__gpt5.4__rep0.json	PILOT-2014002745	H	0	0.4004	14	
PILOT-2014002745__H__gpt5.4__rep1.json	PILOT-2014002745	H	1	0.2988	9	
PILOT-2014002745__H__gpt5.4__rep2.json	PILOT-2014002745	H	2	0.2975	9	
PILOT-2014003236__H__gpt5.4__rep0.json	PILOT-2014003236	H	0	0.3072	2	
PILOT-2014003236__H__gpt5.4__rep1.json	PILOT-2014003236	H	1	0.2368	2	
PILOT-2014003236__H__gpt5.4__rep2.json	PILOT-2014003236	H	2	0.3477	2	
PILOT-2014003587__H__gpt5.4__rep0.json	PILOT-2014003587	H	0	0.2648	16	
PILOT-2014003587__H__gpt5.4__rep1.json	PILOT-2014003587	H	1	0.3565	13	
PILOT-2014003587__H__gpt5.4__rep2.json	PILOT-2014003587	H	2	0.3112	19	
PILOT-2014006550__H__gpt5.4__rep0.json	PILOT-2014006550	H	0	0.2508	20	
PILOT-2014006550__H__gpt5.4__rep1.json	PILOT-2014006550	H	1	0.2254	20	
PILOT-2014006550__H__gpt5.4__rep2.json	PILOT-2014006550	H	2	0.2142	20	
PILOT-2014007043__H__gpt5.4__rep0.json	PILOT-2014007043	H	0	0.2672	5	
PILOT-2014007043__H__gpt5.4__rep1.json	PILOT-2014007043	H	1	0.3664	5	
PILOT-2014007043__H__gpt5.4__rep2.json	PILOT-2014007043	H	2	0.3854	5	
PILOT-2014008375__H__gpt5.4__rep0.json	PILOT-2014008375	H	0	0.2452	3	
PILOT-2014008375__H__gpt5.4__rep1.json	PILOT-2014008375	H	1	0.3412	3	
PILOT-2014008375__H__gpt5.4__rep2.json	PILOT-2014008375	H	2	0.2452	3	
PILOT-2014009096__H__gpt5.4__rep0.json	PILOT-2014009096	H	0	0.5716	4	
PILOT-2014009096__H__gpt5.4__rep1.json	PILOT-2014009096	H	1	0.5716	4	
PILOT-2014009096__H__gpt5.4__rep2.json	PILOT-2014009096	H	2	0.5716	4	
PILOT-2014009182__H__gpt5.4__rep0.json	PILOT-2014009182	H	0	0.2353	12	
PILOT-2014009182__H__gpt5.4__rep1.json	PILOT-2014009182	H	1	0.3128	11	
PILOT-2014009182__H__gpt5.4__rep2.json	PILOT-2014009182	H	2	0.3622	11	
PILOT-2014009970__H__gpt5.4__rep0.json	PILOT-2014009970	H	0	0.2207	9	
PILOT-2014009970__H__gpt5.4__rep1.json	PILOT-2014009970	H	1	0.2501	6	
PILOT-2014009970__H__gpt5.4__rep2.json	PILOT-2014009970	H	2	0.2363	6	
PILOT-2015000199__H__gpt5.4__rep0.json	PILOT-2015000199	H	0	0.2093	10	
PILOT-2015000199__H__gpt5.4__rep1.json	PILOT-2015000199	H	1	0.2463	10	
PILOT-2015000199__H__gpt5.4__rep2.json	PILOT-2015000199	H	2	0.2432	10	
PILOT-2015004151__H__gpt5.4__rep0.json	PILOT-2015004151	H	0	0.2908	4	
PILOT-2015004151__H__gpt5.4__rep1.json	PILOT-2015004151	H	1	0.2823	4	
PILOT-2015004151__H__gpt5.4__rep2.json	PILOT-2015004151	H	2	0.2823	4	
PILOT-2015004158__H__gpt5.4__rep0.json	PILOT-2015004158	H	0	0.1734	7	
PILOT-2015004158__H__gpt5.4__rep1.json	PILOT-2015004158	H	1	0.2866	7	
PILOT-2015004158__H__gpt5.4__rep2.json	PILOT-2015004158	H	2	0.2089	7	
PILOT-2015004926__H__gpt5.4__rep0.json	PILOT-2015004926	H	0	0.2508	15	
PILOT-2015004926__H__gpt5.4__rep1.json	PILOT-2015004926	H	1	0.2909	15	
PILOT-2015004926__H__gpt5.4__rep2.json	PILOT-2015004926	H	2	0.297	15	
PILOT-2015005752__H__gpt5.4__rep0.json	PILOT-2015005752	H	0	0.2505	7	
PILOT-2015005752__H__gpt5.4__rep1.json	PILOT-2015005752	H	1	0.2565	7	
PILOT-2015005752__H__gpt5.4__rep2.json	PILOT-2015005752	H	2	0.2565	7	
PILOT-2015006206__H__gpt5.4__rep0.json	PILOT-2015006206	H	0	0.3793	7	
PILOT-2015006206__H__gpt5.4__rep1.json	PILOT-2015006206	H	1	0.2007	7	
PILOT-2015006206__H__gpt5.4__rep2.json	PILOT-2015006206	H	2	0.4477	7	
PILOT-2015006603__H__gpt5.4__rep0.json	PILOT-2015006603	H	0	0.2164	19	
PILOT-2015006603__H__gpt5.4__rep1.json	PILOT-2015006603	H	1	0.2631	14	
PILOT-2015006603__H__gpt5.4__rep2.json	PILOT-2015006603	H	2	0.2033	19	
PILOT-2016000830__H__gpt5.4__rep0.json	PILOT-2016000830	H	0	0.3906	2	
PILOT-2016000830__H__gpt5.4__rep1.json	PILOT-2016000830	H	1	0.1221	1	
PILOT-2016000830__H__gpt5.4__rep2.json	PILOT-2016000830	H	2	0.1281	1	
PILOT-2016000849__H__gpt5.4__rep0.json	PILOT-2016000849	H	0	0.2034	39	
PILOT-2016000849__H__gpt5.4__rep1.json	PILOT-2016000849	H	1	0.1896	39	
PILOT-2016000849__H__gpt5.4__rep2.json	PILOT-2016000849	H	2	0.2096	39	
PILOT-2016003042__H__gpt5.4__rep0.json	PILOT-2016003042	H	0	0.4424	7	
PILOT-2016003042__H__gpt5.4__rep1.json	PILOT-2016003042	H	1	0.4446	7	
PILOT-2016003042__H__gpt5.4__rep2.json	PILOT-2016003042	H	2	0.4508	7	
PILOT-2016004446__H__gpt5.4__rep0.json	PILOT-2016004446	H	0	0.4347	3	
PILOT-2016004446__H__gpt5.4__rep1.json	PILOT-2016004446	H	1	0.3638	3	
PILOT-2016004446__H__gpt5.4__rep2.json	PILOT-2016004446	H	2	0.4577	3	
PILOT-2016005844__H__gpt5.4__rep0.json	PILOT-2016005844	H	0	0.2007	4	
PILOT-2016005844__H__gpt5.4__rep1.json	PILOT-2016005844	H	1	0.4111	4	
PILOT-2016005844__H__gpt5.4__rep2.json	PILOT-2016005844	H	2	0.4521	4	
PILOT-2016006702__H__gpt5.4__rep0.json	PILOT-2016006702	H	0	0.2285	30	
PILOT-2016006702__H__gpt5.4__rep1.json	PILOT-2016006702	H	1	0.2986	30	
PILOT-2016006702__H__gpt5.4__rep2.json	PILOT-2016006702	H	2	0.1584	30	
PILOT-2016007603__H__gpt5.4__rep0.json	PILOT-2016007603	H	0	0.3322	5	
PILOT-2016007603__H__gpt5.4__rep1.json	PILOT-2016007603	H	1	0.3754	5	
PILOT-2016007603__H__gpt5.4__rep2.json	PILOT-2016007603	H	2	0.3754	5	
PILOT-2016007888__H__gpt5.4__rep0.json	PILOT-2016007888	H	0	0.1698	6	
PILOT-2016007888__H__gpt5.4__rep1.json	PILOT-2016007888	H	1	0.1795	6	
PILOT-2016007888__H__gpt5.4__rep2.json	PILOT-2016007888	H	2	0.1792	6	
PILOT-2017000071__H__gpt5.4__rep0.json	PILOT-2017000071	H	0		0	no_baseline
PILOT-2017000071__H__gpt5.4__rep1.json	PILOT-2017000071	H	1		0	no_baseline
PILOT-2017000071__H__gpt5.4__rep2.json	PILOT-2017000071	H	2		0	no_baseline
PILOT-2017000093__H__gpt5.4__rep0.json	PILOT-2017000093	H	0	0.2935	17	
PILOT-2017000093__H__gpt5.4__rep1.json	PILOT-2017000093	H	1	0.4187	17	
PILOT-2017000093__H__gpt5.4__rep2.json	PILOT-2017000093	H	2	0.4329	17	
PILOT-2017001422__H__gpt5.4__rep0.json	PILOT-2017001422	H	0	0.4774	2	
PILOT-2017001422__H__gpt5.4__rep1.json	PILOT-2017001422	H	1	0.4251	2	
PILOT-2017001422__H__gpt5.4__rep2.json	PILOT-2017001422	H	2	0.3692	2	
PILOT-2017002001__H__gpt5.4__rep0.json	PILOT-2017002001	H	0	0.4135	18	
PILOT-2017002001__H__gpt5.4__rep1.json	PILOT-2017002001	H	1	0.422	18	
PILOT-2017002001__H__gpt5.4__rep2.json	PILOT-2017002001	H	2	0.4742	18	
PILOT-2017002029__H__gpt5.4__rep0.json	PILOT-2017002029	H	0	0.2152	23	
PILOT-2017002029__H__gpt5.4__rep1.json	PILOT-2017002029	H	1	0.195	23	
PILOT-2017002029__H__gpt5.4__rep2.json	PILOT-2017002029	H	2	0.2179	21	
PILOT-2017003676__H__gpt5.4__rep0.json	PILOT-2017003676	H	0	0.288	19	
PILOT-2017003676__H__gpt5.4__rep1.json	PILOT-2017003676	H	1	0.2491	19	
PILOT-2017003676__H__gpt5.4__rep2.json	PILOT-2017003676	H	2	0.2049	19	
PILOT-2017004144__H__gpt5.4__rep0.json	PILOT-2017004144	H	0	0.4728	2	
PILOT-2017004144__H__gpt5.4__rep1.json	PILOT-2017004144	H	1		0	no_aligned_claims
PILOT-2017004144__H__gpt5.4__rep2.json	PILOT-2017004144	H	2	0.3913	2	
PILOT-2017004286__H__gpt5.4__rep0.json	PILOT-2017004286	H	0	0.379	25	
PILOT-2017004286__H__gpt5.4__rep1.json	PILOT-2017004286	H	1	0.2168	25	
PILOT-2017004286__H__gpt5.4__rep2.json	PILOT-2017004286	H	2	0.2308	25	
PILOT-2017005259__H__gpt5.4__rep0.json	PILOT-2017005259	H	0	0.2383	12	
PILOT-2017005259__H__gpt5.4__rep1.json	PILOT-2017005259	H	1	0.2391	12	
PILOT-2017005259__H__gpt5.4__rep2.json	PILOT-2017005259	H	2	0.2617	12	
PILOT-2017005493__H__gpt5.4__rep0.json	PILOT-2017005493	H	0	0.3398	20	
PILOT-2017005493__H__gpt5.4__rep1.json	PILOT-2017005493	H	1	0.432	20	
PILOT-2017005493__H__gpt5.4__rep2.json	PILOT-2017005493	H	2	0.3421	20	
PILOT-2017006188__H__gpt5.4__rep0.json	PILOT-2017006188	H	0	0.2522	5	
PILOT-2017006188__H__gpt5.4__rep1.json	PILOT-2017006188	H	1	0.2046	5	
PILOT-2017006188__H__gpt5.4__rep2.json	PILOT-2017006188	H	2		0	no_aligned_claims
PILOT-2017007272__H__gpt5.4__rep0.json	PILOT-2017007272	H	0	0.4123	9	
PILOT-2017007272__H__gpt5.4__rep1.json	PILOT-2017007272	H	1	0.3597	9	
PILOT-2017007272__H__gpt5.4__rep2.json	PILOT-2017007272	H	2	0.4866	9	
PILOT-2017007595__H__gpt5.4__rep0.json	PILOT-2017007595	H	0	0.1955	35	
PILOT-2017007595__H__gpt5.4__rep1.json	PILOT-2017007595	H	1	0.1915	35	
PILOT-2017007595__H__gpt5.4__rep2.json	PILOT-2017007595	H	2	0.1951	35	
PILOT-2017009415__H__gpt5.4__rep0.json	PILOT-2017009415	H	0	0.266	12	
PILOT-2017009415__H__gpt5.4__rep1.json	PILOT-2017009415	H	1	0.249	9	
PILOT-2017009415__H__gpt5.4__rep2.json	PILOT-2017009415	H	2	0.215	13	
PILOT-2017010497__H__gpt5.4__rep0.json	PILOT-2017010497	H	0	0.4111	12	
PILOT-2017010497__H__gpt5.4__rep1.json	PILOT-2017010497	H	1	0.458	13	
PILOT-2017010497__H__gpt5.4__rep2.json	PILOT-2017010497	H	2	0.4367	12	
PILOT-2017010632__H__gpt5.4__rep0.json	PILOT-2017010632	H	0	0.6255	2	
PILOT-2017010632__H__gpt5.4__rep1.json	PILOT-2017010632	H	1	0.6243	2	
PILOT-2017010632__H__gpt5.4__rep2.json	PILOT-2017010632	H	2	0.675	2	
PILOT-2018000427__H__gpt5.4__rep0.json	PILOT-2018000427	H	0	0.4075	2	
PILOT-2018000427__H__gpt5.4__rep1.json	PILOT-2018000427	H	1	0.4419	2	
PILOT-2018000427__H__gpt5.4__rep2.json	PILOT-2018000427	H	2	0.4419	2	
PILOT-2018001232__H__gpt5.4__rep0.json	PILOT-2018001232	H	0	0.2776	16	
PILOT-2018001232__H__gpt5.4__rep1.json	PILOT-2018001232	H	1	0.3852	11	
PILOT-2018001232__H__gpt5.4__rep2.json	PILOT-2018001232	H	2	0.2776	16	
PILOT-2018003513__H__gpt5.4__rep0.json	PILOT-2018003513	H	0	0.4081	11	
PILOT-2018003513__H__gpt5.4__rep1.json	PILOT-2018003513	H	1	0.438	11	
PILOT-2018003513__H__gpt5.4__rep2.json	PILOT-2018003513	H	2	0.4508	11	
PILOT-2018005420__H__gpt5.4__rep0.json	PILOT-2018005420	H	0	0.3325	25	
PILOT-2018005420__H__gpt5.4__rep1.json	PILOT-2018005420	H	1	0.2731	25	
PILOT-2018005420__H__gpt5.4__rep2.json	PILOT-2018005420	H	2	0.309	25	
PILOT-2018005863__H__gpt5.4__rep0.json	PILOT-2018005863	H	0	0.4554	25	
PILOT-2018005863__H__gpt5.4__rep1.json	PILOT-2018005863	H	1	0.2408	25	
PILOT-2018005863__H__gpt5.4__rep2.json	PILOT-2018005863	H	2	0.2317	25	
PILOT-2018007886__H__gpt5.4__rep0.json	PILOT-2018007886	H	0	0.4932	6	
PILOT-2018007886__H__gpt5.4__rep1.json	PILOT-2018007886	H	1	0.5581	6	
PILOT-2018007886__H__gpt5.4__rep2.json	PILOT-2018007886	H	2	0.5129	6	
PILOT-2018007979__H__gpt5.4__rep0.json	PILOT-2018007979	H	0	0.5233	3	
PILOT-2018007979__H__gpt5.4__rep1.json	PILOT-2018007979	H	1	0.5745	3	
PILOT-2018007979__H__gpt5.4__rep2.json	PILOT-2018007979	H	2	0.5233	3	
PILOT-2019001867__H__gpt5.4__rep0.json	PILOT-2019001867	H	0	0.1868	23	
PILOT-2019001867__H__gpt5.4__rep1.json	PILOT-2019001867	H	1	0.206	23	
PILOT-2019001867__H__gpt5.4__rep2.json	PILOT-2019001867	H	2	0.2062	23	
PILOT-2019002001__H__gpt5.4__rep0.json	PILOT-2019002001	H	0	0.4741	18	
PILOT-2019002001__H__gpt5.4__rep1.json	PILOT-2019002001	H	1	0.5667	10	
PILOT-2019002001__H__gpt5.4__rep2.json	PILOT-2019002001	H	2	0.4835	18	
PILOT-2019002439__H__gpt5.4__rep0.json	PILOT-2019002439	H	0	0.2154	24	
PILOT-2019002439__H__gpt5.4__rep1.json	PILOT-2019002439	H	1	0.2234	25	
PILOT-2019002439__H__gpt5.4__rep2.json	PILOT-2019002439	H	2	0.2437	25	
PILOT-2019003829__H__gpt5.4__rep0.json	PILOT-2019003829	H	0	0.4299	2	
PILOT-2019003829__H__gpt5.4__rep1.json	PILOT-2019003829	H	1	0.4141	3	
PILOT-2019003829__H__gpt5.4__rep2.json	PILOT-2019003829	H	2	0.3489	7	
PILOT-2019005007__H__gpt5.4__rep0.json	PILOT-2019005007	H	0	0.1407	23	
PILOT-2019005007__H__gpt5.4__rep1.json	PILOT-2019005007	H	1	0.1341	24	
PILOT-2019005007__H__gpt5.4__rep2.json	PILOT-2019005007	H	2	0.1748	23	
PILOT-2019005292__H__gpt5.4__rep0.json	PILOT-2019005292	H	0	0.2793	20	
PILOT-2019005292__H__gpt5.4__rep1.json	PILOT-2019005292	H	1	0.2635	20	
PILOT-2019005292__H__gpt5.4__rep2.json	PILOT-2019005292	H	2	0.3076	20	
PILOT-2019005776__H__gpt5.4__rep0.json	PILOT-2019005776	H	0	0.5993	1	
PILOT-2019005776__H__gpt5.4__rep1.json	PILOT-2019005776	H	1	0.5809	1	
PILOT-2019005776__H__gpt5.4__rep2.json	PILOT-2019005776	H	2	0.5809	1	
PILOT-2019006119__H__gpt5.4__rep0.json	PILOT-2019006119	H	0	-0.013	1	
PILOT-2019006119__H__gpt5.4__rep1.json	PILOT-2019006119	H	1	0.2217	1	
PILOT-2019006119__H__gpt5.4__rep2.json	PILOT-2019006119	H	2	-0.013	1	
PILOT-2019006614__H__gpt5.4__rep0.json	PILOT-2019006614	H	0		0	no_baseline
PILOT-2019006614__H__gpt5.4__rep1.json	PILOT-2019006614	H	1		0	no_baseline
PILOT-2019006614__H__gpt5.4__rep2.json	PILOT-2019006614	H	2		0	no_baseline
PILOT-2020000122__H__gpt5.4__rep0.json	PILOT-2020000122	H	0	0.3219	19	
PILOT-2020000122__H__gpt5.4__rep1.json	PILOT-2020000122	H	1	0.3277	18	
PILOT-2020000122__H__gpt5.4__rep2.json	PILOT-2020000122	H	2	0.3656	19	
PILOT-2020000158__H__gpt5.4__rep0.json	PILOT-2020000158	H	0	0.223	20	
PILOT-2020000158__H__gpt5.4__rep1.json	PILOT-2020000158	H	1	0.3472	18	
PILOT-2020000158__H__gpt5.4__rep2.json	PILOT-2020000158	H	2	0.3425	20	
PILOT-2020000362__H__gpt5.4__rep0.json	PILOT-2020000362	H	0	0.3361	15	
PILOT-2020000362__H__gpt5.4__rep1.json	PILOT-2020000362	H	1	0.3211	15	
PILOT-2020000362__H__gpt5.4__rep2.json	PILOT-2020000362	H	2	0.3433	13	
PILOT-2020000402__H__gpt5.4__rep0.json	PILOT-2020000402	H	0	0.401	6	
PILOT-2020000402__H__gpt5.4__rep1.json	PILOT-2020000402	H	1	0.399	6	
PILOT-2020000402__H__gpt5.4__rep2.json	PILOT-2020000402	H	2	0.4372	6	
PILOT-2020000676__H__gpt5.4__rep0.json	PILOT-2020000676	H	0	0.1495	6	
PILOT-2020000676__H__gpt5.4__rep1.json	PILOT-2020000676	H	1	0.1502	6	
PILOT-2020000676__H__gpt5.4__rep2.json	PILOT-2020000676	H	2	0.1472	6	
PILOT-2020001769__H__gpt5.4__rep0.json	PILOT-2020001769	H	0	0.159	10	
PILOT-2020001769__H__gpt5.4__rep1.json	PILOT-2020001769	H	1	0.156	10	
PILOT-2020001769__H__gpt5.4__rep2.json	PILOT-2020001769	H	2	0.132	8	
PILOT-2020002332__H__gpt5.4__rep0.json	PILOT-2020002332	H	0	0.2265	25	
PILOT-2020002332__H__gpt5.4__rep1.json	PILOT-2020002332	H	1	0.2373	25	
PILOT-2020002332__H__gpt5.4__rep2.json	PILOT-2020002332	H	2	0.2231	25	
PILOT-2020002369__H__gpt5.4__rep0.json	PILOT-2020002369	H	0	0.1912	20	
PILOT-2020002369__H__gpt5.4__rep1.json	PILOT-2020002369	H	1	0.1946	20	
PILOT-2020002369__H__gpt5.4__rep2.json	PILOT-2020002369	H	2	0.1674	20	
PILOT-2020002555__H__gpt5.4__rep0.json	PILOT-2020002555	H	0	0.2405	20	
PILOT-2020002555__H__gpt5.4__rep1.json	PILOT-2020002555	H	1	0.2304	20	
PILOT-2020002555__H__gpt5.4__rep2.json	PILOT-2020002555	H	2	0.2334	20	
PILOT-2020002688__H__gpt5.4__rep0.json	PILOT-2020002688	H	0	0.4143	8	
PILOT-2020002688__H__gpt5.4__rep1.json	PILOT-2020002688	H	1	0.4316	8	
PILOT-2020002688__H__gpt5.4__rep2.json	PILOT-2020002688	H	2	0.4594	8	
PILOT-2020002729__H__gpt5.4__rep0.json	PILOT-2020002729	H	0	0.5439	11	
PILOT-2020002729__H__gpt5.4__rep1.json	PILOT-2020002729	H	1	0.5131	11	
PILOT-2020002729__H__gpt5.4__rep2.json	PILOT-2020002729	H	2	0.3266	11	
PILOT-2020003998__H__gpt5.4__rep0.json	PILOT-2020003998	H	0		0	no_baseline
PILOT-2020003998__H__gpt5.4__rep1.json	PILOT-2020003998	H	1		0	no_baseline
PILOT-2020003998__H__gpt5.4__rep2.json	PILOT-2020003998	H	2		0	no_baseline
PILOT-2020004768__H__gpt5.4__rep0.json	PILOT-2020004768	H	0	0.2	12	
PILOT-2020004768__H__gpt5.4__rep1.json	PILOT-2020004768	H	1	0.206	12	
PILOT-2020004768__H__gpt5.4__rep2.json	PILOT-2020004768	H	2	0.2038	12	
PILOT-2020006264__H__gpt5.4__rep0.json	PILOT-2020006264	H	0	0.2775	20	
PILOT-2020006264__H__gpt5.4__rep1.json	PILOT-2020006264	H	1	0.2817	20	
PILOT-2020006264__H__gpt5.4__rep2.json	PILOT-2020006264	H	2	0.316	20	
PILOT-2020006435__H__gpt5.4__rep0.json	PILOT-2020006435	H	0	0.2644	22	
PILOT-2020006435__H__gpt5.4__rep1.json	PILOT-2020006435	H	1	0.2588	22	
PILOT-2020006435__H__gpt5.4__rep2.json	PILOT-2020006435	H	2	0.2624	22	
PILOT-2021000834__H__gpt5.4__rep0.json	PILOT-2021000834	H	0	0.5011	7	
PILOT-2021000834__H__gpt5.4__rep1.json	PILOT-2021000834	H	1	0.5406	7	
PILOT-2021000834__H__gpt5.4__rep2.json	PILOT-2021000834	H	2	0.5332	7	
PILOT-2021001124__H__gpt5.4__rep0.json	PILOT-2021001124	H	0	0.5297	11	
PILOT-2021001124__H__gpt5.4__rep1.json	PILOT-2021001124	H	1	0.5318	11	
PILOT-2021001124__H__gpt5.4__rep2.json	PILOT-2021001124	H	2	0.5624	11	
PILOT-2021002328__H__gpt5.4__rep0.json	PILOT-2021002328	H	0	0.2424	14	
PILOT-2021002328__H__gpt5.4__rep1.json	PILOT-2021002328	H	1	0.3463	14	
PILOT-2021002328__H__gpt5.4__rep2.json	PILOT-2021002328	H	2	0.2544	14	
PILOT-2021003980__H__gpt5.4__rep0.json	PILOT-2021003980	H	0	0.1504	16	
PILOT-2021003980__H__gpt5.4__rep1.json	PILOT-2021003980	H	1	0.1289	16	
PILOT-2021003980__H__gpt5.4__rep2.json	PILOT-2021003980	H	2	0.1453	15	
PILOT-2022001087__H__gpt5.4__rep0.json	PILOT-2022001087	H	0	0.4678	20	
PILOT-2022001087__H__gpt5.4__rep1.json	PILOT-2022001087	H	1	0.2168	20	
PILOT-2022001087__H__gpt5.4__rep2.json	PILOT-2022001087	H	2	0.1882	20	
PILOT-2009010505__H__gpt4o-mini__rep0.json	PILOT-2009010505	H	0		0	no_aligned_claims
PILOT-2009010505__H__gpt4o-mini__rep1.json	PILOT-2009010505	H	1		0	no_aligned_claims
PILOT-2009010505__H__gpt4o-mini__rep2.json	PILOT-2009010505	H	2		0	no_aligned_claims
PILOT-2010007757__H__gpt4o-mini__rep0.json	PILOT-2010007757	H	0	0.493	3	
PILOT-2010007757__H__gpt4o-mini__rep1.json	PILOT-2010007757	H	1	0.493	3	
PILOT-2010007757__H__gpt4o-mini__rep2.json	PILOT-2010007757	H	2	0.493	3	
PILOT-2010008015__H__gpt4o-mini__rep0.json	PILOT-2010008015	H	0	0.5181	1	
PILOT-2010008015__H__gpt4o-mini__rep1.json	PILOT-2010008015	H	1	0.5181	1	
PILOT-2010008015__H__gpt4o-mini__rep2.json	PILOT-2010008015	H	2		0	no_aligned_claims
PILOT-2010010196__H__gpt4o-mini__rep0.json	PILOT-2010010196	H	0	0.4734	2	
PILOT-2010010196__H__gpt4o-mini__rep1.json	PILOT-2010010196	H	1	0.4826	2	
PILOT-2010010196__H__gpt4o-mini__rep2.json	PILOT-2010010196	H	2	0.4984	2	
PILOT-2010011970__H__gpt4o-mini__rep0.json	PILOT-2010011970	H	0	0.2275	3	
PILOT-2010011970__H__gpt4o-mini__rep1.json	PILOT-2010011970	H	1	0.5568	3	
PILOT-2010011970__H__gpt4o-mini__rep2.json	PILOT-2010011970	H	2	0.5552	3	
PILOT-2011003851__H__gpt4o-mini__rep0.json	PILOT-2011003851	H	0	0.3595	20	
PILOT-2011003851__H__gpt4o-mini__rep1.json	PILOT-2011003851	H	1	0.2003	20	
PILOT-2011003851__H__gpt4o-mini__rep2.json	PILOT-2011003851	H	2	0.2054	20	
PILOT-2011004581__H__gpt4o-mini__rep0.json	PILOT-2011004581	H	0	0.6002	9	
PILOT-2011004581__H__gpt4o-mini__rep1.json	PILOT-2011004581	H	1	0.5118	9	
PILOT-2011004581__H__gpt4o-mini__rep2.json	PILOT-2011004581	H	2	0.5998	9	
PILOT-2011007474__H__gpt4o-mini__rep0.json	PILOT-2011007474	H	0	0.4998	4	
PILOT-2011007474__H__gpt4o-mini__rep1.json	PILOT-2011007474	H	1	0.5922	7	
PILOT-2011007474__H__gpt4o-mini__rep2.json	PILOT-2011007474	H	2	0.4639	14	
PILOT-2011008843__H__gpt4o-mini__rep0.json	PILOT-2011008843	H	0	0.6427	1	
PILOT-2011008843__H__gpt4o-mini__rep1.json	PILOT-2011008843	H	1	0.6367	1	
PILOT-2011008843__H__gpt4o-mini__rep2.json	PILOT-2011008843	H	2	0.3933	1	
PILOT-2011009182__H__gpt4o-mini__rep0.json	PILOT-2011009182	H	0	0.1678	8	
PILOT-2011009182__H__gpt4o-mini__rep1.json	PILOT-2011009182	H	1		0	no_aligned_claims
PILOT-2011009182__H__gpt4o-mini__rep2.json	PILOT-2011009182	H	2		0	no_aligned_claims
PILOT-2011011469__H__gpt4o-mini__rep0.json	PILOT-2011011469	H	0	0.596	5	
PILOT-2011011469__H__gpt4o-mini__rep1.json	PILOT-2011011469	H	1	0.5906	5	
PILOT-2011011469__H__gpt4o-mini__rep2.json	PILOT-2011011469	H	2	0.6357	5	
PILOT-2011012180__H__gpt4o-mini__rep0.json	PILOT-2011012180	H	0	0.232	7	
PILOT-2011012180__H__gpt4o-mini__rep1.json	PILOT-2011012180	H	1	0.2818	7	
PILOT-2011012180__H__gpt4o-mini__rep2.json	PILOT-2011012180	H	2	0.2664	7	
PILOT-2011013110__H__gpt4o-mini__rep0.json	PILOT-2011013110	H	0	0.4806	6	
PILOT-2011013110__H__gpt4o-mini__rep1.json	PILOT-2011013110	H	1	0.5504	5	
PILOT-2011013110__H__gpt4o-mini__rep2.json	PILOT-2011013110	H	2	0.58	5	
PILOT-2012000327__H__gpt4o-mini__rep0.json	PILOT-2012000327	H	0	0.4788	6	
PILOT-2012000327__H__gpt4o-mini__rep1.json	PILOT-2012000327	H	1	0.4699	6	
PILOT-2012000327__H__gpt4o-mini__rep2.json	PILOT-2012000327	H	2	0.4577	6	
PILOT-2012003288__H__gpt4o-mini__rep0.json	PILOT-2012003288	H	0	0.5654	4	
PILOT-2012003288__H__gpt4o-mini__rep1.json	PILOT-2012003288	H	1	0.4356	4	
PILOT-2012003288__H__gpt4o-mini__rep2.json	PILOT-2012003288	H	2	0.5571	4	
PILOT-2012005674__H__gpt4o-mini__rep0.json	PILOT-2012005674	H	0	0.5736	4	
PILOT-2012005674__H__gpt4o-mini__rep1.json	PILOT-2012005674	H	1	0.6641	7	
PILOT-2012005674__H__gpt4o-mini__rep2.json	PILOT-2012005674	H	2	0.6641	7	
PILOT-2012006145__H__gpt4o-mini__rep0.json	PILOT-2012006145	H	0	0.1447	23	
PILOT-2012006145__H__gpt4o-mini__rep1.json	PILOT-2012006145	H	1	0.1447	23	
PILOT-2012006145__H__gpt4o-mini__rep2.json	PILOT-2012006145	H	2	0.1447	23	
PILOT-2012007524__H__gpt4o-mini__rep0.json	PILOT-2012007524	H	0	0.3355	7	
PILOT-2012007524__H__gpt4o-mini__rep1.json	PILOT-2012007524	H	1	0.5431	7	
PILOT-2012007524__H__gpt4o-mini__rep2.json	PILOT-2012007524	H	2	0.2553	7	
PILOT-2012008496__H__gpt4o-mini__rep0.json	PILOT-2012008496	H	0	0.2175	18	
PILOT-2012008496__H__gpt4o-mini__rep1.json	PILOT-2012008496	H	1	0.3295	12	
PILOT-2012008496__H__gpt4o-mini__rep2.json	PILOT-2012008496	H	2	0.2245	18	
PILOT-2012010015__H__gpt4o-mini__rep0.json	PILOT-2012010015	H	0	0.359	4	
PILOT-2012010015__H__gpt4o-mini__rep1.json	PILOT-2012010015	H	1	0.3511	4	
PILOT-2012010015__H__gpt4o-mini__rep2.json	PILOT-2012010015	H	2	0.3201	4	
PILOT-2013000789__H__gpt4o-mini__rep0.json	PILOT-2013000789	H	0	0.4481	8	
PILOT-2013000789__H__gpt4o-mini__rep1.json	PILOT-2013000789	H	1	0.4743	8	
PILOT-2013000789__H__gpt4o-mini__rep2.json	PILOT-2013000789	H	2	0.4388	8	
PILOT-2013001277__H__gpt4o-mini__rep0.json	PILOT-2013001277	H	0	0.1492	7	
PILOT-2013001277__H__gpt4o-mini__rep1.json	PILOT-2013001277	H	1	0.1538	7	
PILOT-2013001277__H__gpt4o-mini__rep2.json	PILOT-2013001277	H	2	0.1492	7	
PILOT-2013007708__H__gpt4o-mini__rep0.json	PILOT-2013007708	H	0	0.1443	16	
PILOT-2013007708__H__gpt4o-mini__rep1.json	PILOT-2013007708	H	1	0.201	16	
PILOT-2013007708__H__gpt4o-mini__rep2.json	PILOT-2013007708	H	2	0.198	9	
PILOT-2014002407__H__gpt4o-mini__rep0.json	PILOT-2014002407	H	0	0.4245	4	
PILOT-2014002407__H__gpt4o-mini__rep1.json	PILOT-2014002407	H	1	0.3108	4	
PILOT-2014002407__H__gpt4o-mini__rep2.json	PILOT-2014002407	H	2	0.3108	4	
PILOT-2014002745__H__gpt4o-mini__rep0.json	PILOT-2014002745	H	0	0.5741	3	
PILOT-2014002745__H__gpt4o-mini__rep1.json	PILOT-2014002745	H	1	0.4129	3	
PILOT-2014002745__H__gpt4o-mini__rep2.json	PILOT-2014002745	H	2	0.2706	3	
PILOT-2014003236__H__gpt4o-mini__rep0.json	PILOT-2014003236	H	0	0.1271	2	
PILOT-2014003236__H__gpt4o-mini__rep1.json	PILOT-2014003236	H	1	0.129	2	
PILOT-2014003236__H__gpt4o-mini__rep2.json	PILOT-2014003236	H	2	0.1264	2	
PILOT-2014003587__H__gpt4o-mini__rep0.json	PILOT-2014003587	H	0		0	no_aligned_claims
PILOT-2014003587__H__gpt4o-mini__rep1.json	PILOT-2014003587	H	1		0	no_aligned_claims
PILOT-2014003587__H__gpt4o-mini__rep2.json	PILOT-2014003587	H	2		0	no_aligned_claims
PILOT-2014006550__H__gpt4o-mini__rep0.json	PILOT-2014006550	H	0	0.3532	10	
PILOT-2014006550__H__gpt4o-mini__rep1.json	PILOT-2014006550	H	1	0.409	12	
PILOT-2014006550__H__gpt4o-mini__rep2.json	PILOT-2014006550	H	2	0.2979	9	
PILOT-2014007043__H__gpt4o-mini__rep0.json	PILOT-2014007043	H	0		0	no_aligned_claims
PILOT-2014007043__H__gpt4o-mini__rep1.json	PILOT-2014007043	H	1		0	no_aligned_claims
PILOT-2014007043__H__gpt4o-mini__rep2.json	PILOT-2014007043	H	2		0	no_aligned_claims
PILOT-2014008375__H__gpt4o-mini__rep0.json	PILOT-2014008375	H	0	0.1554	3	
PILOT-2014008375__H__gpt4o-mini__rep1.json	PILOT-2014008375	H	1	0.3194	3	
PILOT-2014008375__H__gpt4o-mini__rep2.json	PILOT-2014008375	H	2	0.5139	3	
PILOT-2014009096__H__gpt4o-mini__rep0.json	PILOT-2014009096	H	0	0.5828	4	
PILOT-2014009096__H__gpt4o-mini__rep1.json	PILOT-2014009096	H	1	0.5828	4	
PILOT-2014009096__H__gpt4o-mini__rep2.json	PILOT-2014009096	H	2	0.5828	4	
PILOT-2014009182__H__gpt4o-mini__rep0.json	PILOT-2014009182	H	0	0.0577	7	
PILOT-2014009182__H__gpt4o-mini__rep1.json	PILOT-2014009182	H	1	0.0696	8	
PILOT-2014009182__H__gpt4o-mini__rep2.json	PILOT-2014009182	H	2	0.0696	8	
PILOT-2014009970__H__gpt4o-mini__rep0.json	PILOT-2014009970	H	0	0.4679	5	
PILOT-2014009970__H__gpt4o-mini__rep1.json	PILOT-2014009970	H	1	0.3084	9	
PILOT-2014009970__H__gpt4o-mini__rep2.json	PILOT-2014009970	H	2	0.4676	4	
PILOT-2015000199__H__gpt4o-mini__rep0.json	PILOT-2015000199	H	0	0.2775	10	
PILOT-2015000199__H__gpt4o-mini__rep1.json	PILOT-2015000199	H	1		0	no_aligned_claims
PILOT-2015000199__H__gpt4o-mini__rep2.json	PILOT-2015000199	H	2		0	no_aligned_claims
PILOT-2015004151__H__gpt4o-mini__rep0.json	PILOT-2015004151	H	0		0	no_aligned_claims
PILOT-2015004151__H__gpt4o-mini__rep1.json	PILOT-2015004151	H	1	0.3854	4	
PILOT-2015004151__H__gpt4o-mini__rep2.json	PILOT-2015004151	H	2		0	no_aligned_claims
PILOT-2015004158__H__gpt4o-mini__rep0.json	PILOT-2015004158	H	0	0.1822	2	
PILOT-2015004158__H__gpt4o-mini__rep1.json	PILOT-2015004158	H	1	0.0374	2	
PILOT-2015004158__H__gpt4o-mini__rep2.json	PILOT-2015004158	H	2	0.2086	2	
PILOT-2015004926__H__gpt4o-mini__rep0.json	PILOT-2015004926	H	0	0.4726	9	
PILOT-2015004926__H__gpt4o-mini__rep1.json	PILOT-2015004926	H	1	0.4944	8	
PILOT-2015004926__H__gpt4o-mini__rep2.json	PILOT-2015004926	H	2	0.4872	7	
PILOT-2015005752__H__gpt4o-mini__rep0.json	PILOT-2015005752	H	0	0.5077	5	
PILOT-2015005752__H__gpt4o-mini__rep1.json	PILOT-2015005752	H	1	0.5708	3	
PILOT-2015005752__H__gpt4o-mini__rep2.json	PILOT-2015005752	H	2	0.5357	5	
PILOT-2015006206__H__gpt4o-mini__rep0.json	PILOT-2015006206	H	0	0.5791	5	
PILOT-2015006206__H__gpt4o-mini__rep1.json	PILOT-2015006206	H	1	0.3449	5	
PILOT-2015006206__H__gpt4o-mini__rep2.json	PILOT-2015006206	H	2	0.3415	5	
PILOT-2015006603__H__gpt4o-mini__rep0.json	PILOT-2015006603	H	0	0.5811	5	
PILOT-2015006603__H__gpt4o-mini__rep1.json	PILOT-2015006603	H	1	0.5863	5	
PILOT-2015006603__H__gpt4o-mini__rep2.json	PILOT-2015006603	H	2	0.4704	4	
PILOT-2016000830__H__gpt4o-mini__rep0.json	PILOT-2016000830	H	0	0.307	2	
PILOT-2016000830__H__gpt4o-mini__rep1.json	PILOT-2016000830	H	1	0.3205	2	
PILOT-2016000830__H__gpt4o-mini__rep2.json	PILOT-2016000830	H	2	0.2515	2	
PILOT-2016000849__H__gpt4o-mini__rep0.json	PILOT-2016000849	H	0		0	no_aligned_claims
PILOT-2016000849__H__gpt4o-mini__rep1.json	PILOT-2016000849	H	1		0	no_aligned_claims
PILOT-2016000849__H__gpt4o-mini__rep2.json	PILOT-2016000849	H	2		0	no_aligned_claims
PILOT-2016003042__H__gpt4o-mini__rep0.json	PILOT-2016003042	H	0	0.2813	7	
PILOT-2016003042__H__gpt4o-mini__rep1.json	PILOT-2016003042	H	1	0.2191	6	
PILOT-2016003042__H__gpt4o-mini__rep2.json	PILOT-2016003042	H	2	0.293	7	
PILOT-2016004446__H__gpt4o-mini__rep0.json	PILOT-2016004446	H	0	0.2682	3	
PILOT-2016004446__H__gpt4o-mini__rep1.json	PILOT-2016004446	H	1	0.3342	3	
PILOT-2016004446__H__gpt4o-mini__rep2.json	PILOT-2016004446	H	2	0.2942	3	
PILOT-2016005844__H__gpt4o-mini__rep0.json	PILOT-2016005844	H	0	0.6902	4	
PILOT-2016005844__H__gpt4o-mini__rep1.json	PILOT-2016005844	H	1	0.5647	4	
PILOT-2016005844__H__gpt4o-mini__rep2.json	PILOT-2016005844	H	2	0.6284	4	
PILOT-2016006702__H__gpt4o-mini__rep0.json	PILOT-2016006702	H	0	0.2147	12	
PILOT-2016006702__H__gpt4o-mini__rep1.json	PILOT-2016006702	H	1	0.5122	5	
PILOT-2016006702__H__gpt4o-mini__rep2.json	PILOT-2016006702	H	2	0.2295	9	
PILOT-2016007603__H__gpt4o-mini__rep0.json	PILOT-2016007603	H	0	0.214	4	
PILOT-2016007603__H__gpt4o-mini__rep1.json	PILOT-2016007603	H	1	0.214	4	
PILOT-2016007603__H__gpt4o-mini__rep2.json	PILOT-2016007603	H	2	0.2966	5	
PILOT-2016007888__H__gpt4o-mini__rep0.json	PILOT-2016007888	H	0	0.4219	6	
PILOT-2016007888__H__gpt4o-mini__rep1.json	PILOT-2016007888	H	1	0.4455	6	
PILOT-2016007888__H__gpt4o-mini__rep2.json	PILOT-2016007888	H	2	0.3511	5	
PILOT-2017000071__H__gpt4o-mini__rep0.json	PILOT-2017000071	H	0		0	no_baseline
PILOT-2017000071__H__gpt4o-mini__rep1.json	PILOT-2017000071	H	1		0	no_baseline
PILOT-2017000071__H__gpt4o-mini__rep2.json	PILOT-2017000071	H	2		0	no_baseline
PILOT-2017000093__H__gpt4o-mini__rep0.json	PILOT-2017000093	H	0	0.3001	6	
PILOT-2017000093__H__gpt4o-mini__rep1.json	PILOT-2017000093	H	1	0.253	6	
PILOT-2017000093__H__gpt4o-mini__rep2.json	PILOT-2017000093	H	2	0.3001	6	
PILOT-2017001422__H__gpt4o-mini__rep0.json	PILOT-2017001422	H	0	0.3779	2	
PILOT-2017001422__H__gpt4o-mini__rep1.json	PILOT-2017001422	H	1	0.3792	2	
PILOT-2017001422__H__gpt4o-mini__rep2.json	PILOT-2017001422	H	2	0.4029	2	
PILOT-2017002001__H__gpt4o-mini__rep0.json	PILOT-2017002001	H	0	0.7411	2	
PILOT-2017002001__H__gpt4o-mini__rep1.json	PILOT-2017002001	H	1	0.7411	2	
PILOT-2017002001__H__gpt4o-mini__rep2.json	PILOT-2017002001	H	2	0.7411	2	
PILOT-2017002029__H__gpt4o-mini__rep0.json	PILOT-2017002029	H	0	0.2275	8	
PILOT-2017002029__H__gpt4o-mini__rep1.json	PILOT-2017002029	H	1	0.2029	5	
PILOT-2017002029__H__gpt4o-mini__rep2.json	PILOT-2017002029	H	2	0.2338	4	
PILOT-2017003676__H__gpt4o-mini__rep0.json	PILOT-2017003676	H	0	0.379	7	
PILOT-2017003676__H__gpt4o-mini__rep1.json	PILOT-2017003676	H	1	0.466	5	
PILOT-2017003676__H__gpt4o-mini__rep2.json	PILOT-2017003676	H	2	0.1243	8	
PILOT-2017004144__H__gpt4o-mini__rep0.json	PILOT-2017004144	H	0	0.4094	7	
PILOT-2017004144__H__gpt4o-mini__rep1.json	PILOT-2017004144	H	1	0.3974	2	
PILOT-2017004144__H__gpt4o-mini__rep2.json	PILOT-2017004144	H	2	0.1477	7	
PILOT-2017004286__H__gpt4o-mini__rep0.json	PILOT-2017004286	H	0	0.6111	3	
PILOT-2017004286__H__gpt4o-mini__rep1.json	PILOT-2017004286	H	1	0.5014	4	
PILOT-2017004286__H__gpt4o-mini__rep2.json	PILOT-2017004286	H	2	0.4999	4	
PILOT-2017005259__H__gpt4o-mini__rep0.json	PILOT-2017005259	H	0	0.2787	5	
PILOT-2017005259__H__gpt4o-mini__rep1.json	PILOT-2017005259	H	1	0.3902	4	
PILOT-2017005259__H__gpt4o-mini__rep2.json	PILOT-2017005259	H	2	0.3912	4	
PILOT-2017005493__H__gpt4o-mini__rep0.json	PILOT-2017005493	H	0	0.3847	4	
PILOT-2017005493__H__gpt4o-mini__rep1.json	PILOT-2017005493	H	1	0.4529	7	
PILOT-2017005493__H__gpt4o-mini__rep2.json	PILOT-2017005493	H	2	0.4127	9	
PILOT-2017006188__H__gpt4o-mini__rep0.json	PILOT-2017006188	H	0		0	no_aligned_claims
PILOT-2017006188__H__gpt4o-mini__rep1.json	PILOT-2017006188	H	1		0	no_aligned_claims
PILOT-2017006188__H__gpt4o-mini__rep2.json	PILOT-2017006188	H	2		0	no_aligned_claims
PILOT-2017007272__H__gpt4o-mini__rep0.json	PILOT-2017007272	H	0	0.4825	5	
PILOT-2017007272__H__gpt4o-mini__rep1.json	PILOT-2017007272	H	1	0.5835	6	
PILOT-2017007272__H__gpt4o-mini__rep2.json	PILOT-2017007272	H	2	0.327	9	
PILOT-2017007595__H__gpt4o-mini__rep0.json	PILOT-2017007595	H	0	0.4639	5	
PILOT-2017007595__H__gpt4o-mini__rep1.json	PILOT-2017007595	H	1	0.4355	5	
PILOT-2017007595__H__gpt4o-mini__rep2.json	PILOT-2017007595	H	2	0.4355	5	
PILOT-2017009415__H__gpt4o-mini__rep0.json	PILOT-2017009415	H	0	0.4758	5	
PILOT-2017009415__H__gpt4o-mini__rep1.json	PILOT-2017009415	H	1	0.4717	6	
PILOT-2017009415__H__gpt4o-mini__rep2.json	PILOT-2017009415	H	2	0.4893	6	
PILOT-2017010497__H__gpt4o-mini__rep0.json	PILOT-2017010497	H	0		0	no_aligned_claims
PILOT-2017010497__H__gpt4o-mini__rep1.json	PILOT-2017010497	H	1		0	no_aligned_claims
PILOT-2017010497__H__gpt4o-mini__rep2.json	PILOT-2017010497	H	2		0	no_aligned_claims
PILOT-2017010632__H__gpt4o-mini__rep0.json	PILOT-2017010632	H	0		0	no_aligned_claims
PILOT-2017010632__H__gpt4o-mini__rep1.json	PILOT-2017010632	H	1		0	no_aligned_claims
PILOT-2017010632__H__gpt4o-mini__rep2.json	PILOT-2017010632	H	2	0.6743	2	
PILOT-2018000427__H__gpt4o-mini__rep0.json	PILOT-2018000427	H	0	0.6253	2	
PILOT-2018000427__H__gpt4o-mini__rep1.json	PILOT-2018000427	H	1	0.618	2	
PILOT-2018000427__H__gpt4o-mini__rep2.json	PILOT-2018000427	H	2	0.615	2	
PILOT-2018001232__H__gpt4o-mini__rep0.json	PILOT-2018001232	H	0	0.4522	2	
PILOT-2018001232__H__gpt4o-mini__rep1.json	PILOT-2018001232	H	1	0.4671	2	
PILOT-2018001232__H__gpt4o-mini__rep2.json	PILOT-2018001232	H	2	0.4522	2	
PILOT-2018003513__H__gpt4o-mini__rep0.json	PILOT-2018003513	H	0	0.2017	4	
PILOT-2018003513__H__gpt4o-mini__rep1.json	PILOT-2018003513	H	1	0.2527	5	
PILOT-2018003513__H__gpt4o-mini__rep2.json	PILOT-2018003513	H	2	0.2527	5	
PILOT-2018005420__H__gpt4o-mini__rep0.json	PILOT-2018005420	H	0	0.2307	25	
PILOT-2018005420__H__gpt4o-mini__rep1.json	PILOT-2018005420	H	1	0.1971	25	
PILOT-2018005420__H__gpt4o-mini__rep2.json	PILOT-2018005420	H	2	0.2727	6	
PILOT-2018005863__H__gpt4o-mini__rep0.json	PILOT-2018005863	H	0	0.1926	20	
PILOT-2018005863__H__gpt4o-mini__rep1.json	PILOT-2018005863	H	1	0.3852	6	
PILOT-2018005863__H__gpt4o-mini__rep2.json	PILOT-2018005863	H	2	0.5302	10	
PILOT-2018007886__H__gpt4o-mini__rep0.json	PILOT-2018007886	H	0	0.1976	6	
PILOT-2018007886__H__gpt4o-mini__rep1.json	PILOT-2018007886	H	1	0.4545	6	
PILOT-2018007886__H__gpt4o-mini__rep2.json	PILOT-2018007886	H	2	0.2052	6	
PILOT-2018007979__H__gpt4o-mini__rep0.json	PILOT-2018007979	H	0	0.4844	3	
PILOT-2018007979__H__gpt4o-mini__rep1.json	PILOT-2018007979	H	1	0.4844	3	
PILOT-2018007979__H__gpt4o-mini__rep2.json	PILOT-2018007979	H	2	0.4844	3	
PILOT-2019001867__H__gpt4o-mini__rep0.json	PILOT-2019001867	H	0	0.4989	2	
PILOT-2019001867__H__gpt4o-mini__rep1.json	PILOT-2019001867	H	1	0.6146	22	
PILOT-2019001867__H__gpt4o-mini__rep2.json	PILOT-2019001867	H	2	0.6146	22	
PILOT-2019002001__H__gpt4o-mini__rep0.json	PILOT-2019002001	H	0		0	no_aligned_claims
PILOT-2019002001__H__gpt4o-mini__rep1.json	PILOT-2019002001	H	1		0	no_aligned_claims
PILOT-2019002001__H__gpt4o-mini__rep2.json	PILOT-2019002001	H	2		0	no_aligned_claims
PILOT-2019002439__H__gpt4o-mini__rep0.json	PILOT-2019002439	H	0		0	no_aligned_claims
PILOT-2019002439__H__gpt4o-mini__rep1.json	PILOT-2019002439	H	1		0	no_aligned_claims
PILOT-2019002439__H__gpt4o-mini__rep2.json	PILOT-2019002439	H	2		0	no_aligned_claims
PILOT-2019003829__H__gpt4o-mini__rep0.json	PILOT-2019003829	H	0	0.5043	6	
PILOT-2019003829__H__gpt4o-mini__rep1.json	PILOT-2019003829	H	1	0.7156	4	
PILOT-2019003829__H__gpt4o-mini__rep2.json	PILOT-2019003829	H	2	0.4561	7	
PILOT-2019005007__H__gpt4o-mini__rep0.json	PILOT-2019005007	H	0	0.4149	4	
PILOT-2019005007__H__gpt4o-mini__rep1.json	PILOT-2019005007	H	1	0.4095	4	
PILOT-2019005007__H__gpt4o-mini__rep2.json	PILOT-2019005007	H	2	0.4677	5	
PILOT-2019005292__H__gpt4o-mini__rep0.json	PILOT-2019005292	H	0	0.2203	20	
PILOT-2019005292__H__gpt4o-mini__rep1.json	PILOT-2019005292	H	1	0.2086	20	
PILOT-2019005292__H__gpt4o-mini__rep2.json	PILOT-2019005292	H	2	0.1978	20	
PILOT-2019005776__H__gpt4o-mini__rep0.json	PILOT-2019005776	H	0	0.5681	1	
PILOT-2019005776__H__gpt4o-mini__rep1.json	PILOT-2019005776	H	1	0.4626	1	
PILOT-2019005776__H__gpt4o-mini__rep2.json	PILOT-2019005776	H	2	0.4721	1	
PILOT-2019006119__H__gpt4o-mini__rep0.json	PILOT-2019006119	H	0		0	no_aligned_claims
PILOT-2019006119__H__gpt4o-mini__rep1.json	PILOT-2019006119	H	1		0	no_aligned_claims
PILOT-2019006119__H__gpt4o-mini__rep2.json	PILOT-2019006119	H	2		0	no_aligned_claims
PILOT-2019006614__H__gpt4o-mini__rep0.json	PILOT-2019006614	H	0		0	no_baseline
PILOT-2019006614__H__gpt4o-mini__rep1.json	PILOT-2019006614	H	1		0	no_baseline
PILOT-2019006614__H__gpt4o-mini__rep2.json	PILOT-2019006614	H	2		0	no_baseline
PILOT-2020000122__H__gpt4o-mini__rep0.json	PILOT-2020000122	H	0	0.3044	19	
PILOT-2020000122__H__gpt4o-mini__rep1.json	PILOT-2020000122	H	1	0.4458	18	
PILOT-2020000122__H__gpt4o-mini__rep2.json	PILOT-2020000122	H	2	0.3695	19	
PILOT-2020000158__H__gpt4o-mini__rep0.json	PILOT-2020000158	H	0	0.2125	7	
PILOT-2020000158__H__gpt4o-mini__rep1.json	PILOT-2020000158	H	1	0.1738	20	
PILOT-2020000158__H__gpt4o-mini__rep2.json	PILOT-2020000158	H	2	0.5361	2	
PILOT-2020000362__H__gpt4o-mini__rep0.json	PILOT-2020000362	H	0	0.192	2	
PILOT-2020000362__H__gpt4o-mini__rep1.json	PILOT-2020000362	H	1	0.192	2	
PILOT-2020000362__H__gpt4o-mini__rep2.json	PILOT-2020000362	H	2	0.192	2	
PILOT-2020000402__H__gpt4o-mini__rep0.json	PILOT-2020000402	H	0	0.3312	6	
PILOT-2020000402__H__gpt4o-mini__rep1.json	PILOT-2020000402	H	1	0.3736	4	
PILOT-2020000402__H__gpt4o-mini__rep2.json	PILOT-2020000402	H	2	0.3305	6	
PILOT-2020000676__H__gpt4o-mini__rep0.json	PILOT-2020000676	H	0	0.145	6	
PILOT-2020000676__H__gpt4o-mini__rep1.json	PILOT-2020000676	H	1	0.1788	6	
PILOT-2020000676__H__gpt4o-mini__rep2.json	PILOT-2020000676	H	2	0.1148	6	
PILOT-2020001769__H__gpt4o-mini__rep0.json	PILOT-2020001769	H	0	0.2197	4	
PILOT-2020001769__H__gpt4o-mini__rep1.json	PILOT-2020001769	H	1	0.2197	4	
PILOT-2020001769__H__gpt4o-mini__rep2.json	PILOT-2020001769	H	2	0.164	4	
PILOT-2020002332__H__gpt4o-mini__rep0.json	PILOT-2020002332	H	0		0	no_aligned_claims
PILOT-2020002332__H__gpt4o-mini__rep1.json	PILOT-2020002332	H	1		0	no_aligned_claims
PILOT-2020002332__H__gpt4o-mini__rep2.json	PILOT-2020002332	H	2		0	no_aligned_claims
PILOT-2020002369__H__gpt4o-mini__rep0.json	PILOT-2020002369	H	0	0.1324	20	
PILOT-2020002369__H__gpt4o-mini__rep1.json	PILOT-2020002369	H	1	0.5329	4	
PILOT-2020002369__H__gpt4o-mini__rep2.json	PILOT-2020002369	H	2	0.1259	20	
PILOT-2020002555__H__gpt4o-mini__rep0.json	PILOT-2020002555	H	0	0.1988	20	
PILOT-2020002555__H__gpt4o-mini__rep1.json	PILOT-2020002555	H	1	0.1988	20	
PILOT-2020002555__H__gpt4o-mini__rep2.json	PILOT-2020002555	H	2	0.1988	20	
PILOT-2020002688__H__gpt4o-mini__rep0.json	PILOT-2020002688	H	0	0.5077	8	
PILOT-2020002688__H__gpt4o-mini__rep1.json	PILOT-2020002688	H	1	0.4315	8	
PILOT-2020002688__H__gpt4o-mini__rep2.json	PILOT-2020002688	H	2	0.4429	8	
PILOT-2020002729__H__gpt4o-mini__rep0.json	PILOT-2020002729	H	0	0.4263	10	
PILOT-2020002729__H__gpt4o-mini__rep1.json	PILOT-2020002729	H	1	0.5606	10	
PILOT-2020002729__H__gpt4o-mini__rep2.json	PILOT-2020002729	H	2	0.5029	10	
PILOT-2020003998__H__gpt4o-mini__rep0.json	PILOT-2020003998	H	0		0	no_baseline
PILOT-2020003998__H__gpt4o-mini__rep1.json	PILOT-2020003998	H	1		0	no_baseline
PILOT-2020003998__H__gpt4o-mini__rep2.json	PILOT-2020003998	H	2		0	no_baseline
PILOT-2020004768__H__gpt4o-mini__rep0.json	PILOT-2020004768	H	0	0.2709	1	
PILOT-2020004768__H__gpt4o-mini__rep1.json	PILOT-2020004768	H	1	0.2709	1	
PILOT-2020004768__H__gpt4o-mini__rep2.json	PILOT-2020004768	H	2	0.2709	1	
PILOT-2020006264__H__gpt4o-mini__rep0.json	PILOT-2020006264	H	0	0.2444	20	
PILOT-2020006264__H__gpt4o-mini__rep1.json	PILOT-2020006264	H	1	0.6361	2	
PILOT-2020006264__H__gpt4o-mini__rep2.json	PILOT-2020006264	H	2	0.3004	2	
PILOT-2020006435__H__gpt4o-mini__rep0.json	PILOT-2020006435	H	0	0.2476	22	
PILOT-2020006435__H__gpt4o-mini__rep1.json	PILOT-2020006435	H	1	0.2746	22	
PILOT-2020006435__H__gpt4o-mini__rep2.json	PILOT-2020006435	H	2	0.2587	22	
PILOT-2021000834__H__gpt4o-mini__rep0.json	PILOT-2021000834	H	0	0.3852	6	
PILOT-2021000834__H__gpt4o-mini__rep1.json	PILOT-2021000834	H	1	0.4953	6	
PILOT-2021000834__H__gpt4o-mini__rep2.json	PILOT-2021000834	H	2	0.434	6	
PILOT-2021001124__H__gpt4o-mini__rep0.json	PILOT-2021001124	H	0	0.5796	6	
PILOT-2021001124__H__gpt4o-mini__rep1.json	PILOT-2021001124	H	1	0.5696	6	
PILOT-2021001124__H__gpt4o-mini__rep2.json	PILOT-2021001124	H	2	0.5431	7	
PILOT-2021002328__H__gpt4o-mini__rep0.json	PILOT-2021002328	H	0		0	no_aligned_claims
PILOT-2021002328__H__gpt4o-mini__rep1.json	PILOT-2021002328	H	1		0	no_aligned_claims
PILOT-2021002328__H__gpt4o-mini__rep2.json	PILOT-2021002328	H	2		0	no_aligned_claims
PILOT-2021003980__H__gpt4o-mini__rep0.json	PILOT-2021003980	H	0	0.5193	12	
PILOT-2021003980__H__gpt4o-mini__rep1.json	PILOT-2021003980	H	1	0.4809	16	
PILOT-2021003980__H__gpt4o-mini__rep2.json	PILOT-2021003980	H	2	0.3139	16	
PILOT-2022001087__H__gpt4o-mini__rep0.json	PILOT-2022001087	H	0	0.3672	20	
PILOT-2022001087__H__gpt4o-mini__rep1.json	PILOT-2022001087	H	1	0.3672	20	
PILOT-2022001087__H__gpt4o-mini__rep2.json	PILOT-2022001087	H	2	0.3672	20	
