case	cond	rank	retrieved_case	cosine	structural_score
PILOT-2017005259	F	0	PILOT-2011004591	0.7534650564193726	0.0
PILOT-2017005259	F	1	PILOT-2017001453	0.6332606077194214	0.0
PILOT-2017005259	F	2	PILOT-2015000647	0.5355062484741211	0.0
PILOT-2017005259	G	0	PILOT-2012010629	0.8489548563957214	3.0
PILOT-2017005259	G	1	PILOT-2019004147	0.604494571685791	3.0
PILOT-2017005259	G	2	PILOT-2011009008	0.7339778542518616	3.0
PILOT-2017005259	H	0	PILOT-2017001202	0.9130815267562866	3.0
PILOT-2017005259	H	1	PILOT-2017002949	0.9100984930992126	2.0
PILOT-2017005259	H	2	PILOT-2015007321	0.9041871428489685	2.5
PILOT-2018005420	F	0	PILOT-2015002842	0.5152366161346436	1.0
PILOT-2018005420	F	1	PILOT-2015004856	0.7158674001693726	0.0
PILOT-2018005420	F	2	PILOT-2014008793	0.3590630888938904	1.5
PILOT-2018005420	G	0	PILOT-2016004902	0.6334749460220337	3.0
PILOT-2018005420	G	1	PILOT-2015004007	0.3923313617706299	3.0
PILOT-2018005420	G	2	PILOT-2014006846	0.35696542263031006	3.0
PILOT-2018005420	H	0	PILOT-2016007654	0.975925087928772	0.5
PILOT-2018005420	H	1	PILOT-2018000623	0.9662505388259888	0.0
PILOT-2018005420	H	2	PILOT-2018002232	0.9659397602081299	0.5
PILOT-2017003676	F	0	PILOT-2014007151	0.6112768054008484	2.0
PILOT-2017003676	F	1	PILOT-2017011585	0.7465214729309082	2.0
PILOT-2017003676	F	2	PILOT-2012010397	0.6621173620223999	1.0
PILOT-2017003676	G	0	PILOT-2015002356	0.6013574600219727	3.0
PILOT-2017003676	G	1	PILOT-2017011752	0.58403080701828	3.0
PILOT-2017003676	G	2	PILOT-2019006661	0.6849508285522461	3.0
PILOT-2017003676	H	0	PILOT-2019000796	0.8522520065307617	2.0
PILOT-2017003676	H	1	PILOT-2018002639	0.8435882329940796	2.0
PILOT-2017003676	H	2	PILOT-2016007277	0.8424646854400635	2.0
PILOT-2018005863	F	0	PILOT-2014003432	0.6943870782852173	0.0
PILOT-2018005863	F	1	PILOT-2016007863	0.6288283467292786	0.0
PILOT-2018005863	F	2	PILOT-2015002796	0.6925473213195801	0.0
PILOT-2018005863	G	0	PILOT-2011002992	0.7950188517570496	2.0
PILOT-2018005863	G	1	PILOT-2010004260	0.7291343212127686	2.0
PILOT-2018005863	G	2	PILOT-2012012243	0.7619657516479492	2.0
PILOT-2018005863	H	0	PILOT-2011008461	0.844677209854126	1.0
PILOT-2018005863	H	1	PILOT-2019001844	0.8255043029785156	1.0
PILOT-2018005863	H	2	PILOT-2015000276	0.8221145868301392	0.0
PILOT-2017001422	F	0	PILOT-2017004299	0.6796440482139587	0.0
PILOT-2017001422	F	1	PILOT-2018004357	0.7398058772087097	2.0
PILOT-2017001422	F	2	PILOT-2013007319	0.6557067632675171	2.0
PILOT-2017001422	G	0	PILOT-2014003397	0.5920841693878174	2.0
PILOT-2017001422	G	1	PILOT-2010007976	0.8177098035812378	2.0
PILOT-2017001422	G	2	PILOT-2011006815	0.6734191179275513	2.0
PILOT-2017001422	H	0	PILOT-2020001487	0.9723867177963257	1.0
PILOT-2017001422	H	1	PILOT-2017005082	0.9624431133270264	1.0
PILOT-2017001422	H	2	PILOT-2018001221	0.9473507404327393	2.0
PILOT-2014009970	F	0	PILOT-2012001971	0.5260382890701294	0.0
PILOT-2014009970	F	1	PILOT-2017008655	0.5565948486328125	2.5
PILOT-2014009970	F	2	PILOT-2011010373	0.5460824966430664	3.0
PILOT-2014009970	G	0	PILOT-2011012304	0.6795185804367065	3.0
PILOT-2014009970	G	1	PILOT-2011013422	0.41211825609207153	3.0
PILOT-2014009970	G	2	PILOT-2017006541	0.4180595278739929	3.0
PILOT-2014009970	H	0	PILOT-2015001085	0.8236333727836609	2.0
PILOT-2014009970	H	1	PILOT-2017003663	0.8210335969924927	2.0
PILOT-2014009970	H	2	PILOT-2016006889	0.8171660304069519	1.0
PILOT-2017005493	F	0	PILOT-2018004604	0.5854114294052124	2.0
PILOT-2017005493	F	1	PILOT-2019002938	0.492580384016037	0.5
PILOT-2017005493	F	2	PILOT-2017001730	0.5357105731964111	0.5
PILOT-2017005493	G	0	PILOT-2014003397	0.5090139508247375	3.0
PILOT-2017005493	G	1	PILOT-2011006815	0.6586902141571045	3.0
PILOT-2017005493	G	2	PILOT-2013009954	0.5851879119873047	3.0
PILOT-2017005493	H	0	PILOT-2015005925	0.8381287455558777	2.5
PILOT-2017005493	H	1	PILOT-2017001013	0.8034521341323853	2.5
PILOT-2017005493	H	2	PILOT-2015002632	0.7997864484786987	1.5
PILOT-2018001232	F	0	PILOT-2016003686	0.7009942531585693	0.0
PILOT-2018001232	F	1	PILOT-2014002245	0.6284513473510742	0.0
PILOT-2018001232	F	2	PILOT-2015005825	0.6447978019714355	1.0
PILOT-2018001232	G	0	PILOT-2017004225	0.6818245649337769	2.0
PILOT-2018001232	G	1	PILOT-2016008033	0.6257655620574951	2.0
PILOT-2018001232	G	2	PILOT-2017004227	0.7822297811508179	2.0
PILOT-2018001232	H	0	PILOT-2019006320	0.9946238398551941	2.0
PILOT-2018001232	H	1	PILOT-2018001509	0.9941706657409668	2.0
PILOT-2018001232	H	2	PILOT-2018005358	0.9940798878669739	0.0
PILOT-2017010632	F	0	PILOT-2014005930	0.7003606557846069	1.0
PILOT-2017010632	F	1	PILOT-2016006109	0.6302521228790283	1.5
PILOT-2017010632	F	2	PILOT-2022001721	0.8017077445983887	0.0
PILOT-2017010632	G	0	PILOT-2016007277	0.8279843330383301	3.0
PILOT-2017010632	G	1	PILOT-2018006513	0.8015866279602051	3.0
PILOT-2017010632	G	2	PILOT-2018004220	0.7750613689422607	3.0
PILOT-2017010632	H	0	PILOT-2018003380	0.9564122557640076	2.0
PILOT-2017010632	H	1	PILOT-2019000192	0.9549408555030823	1.0
PILOT-2017010632	H	2	PILOT-2017005573	0.9515910148620605	2.0
PILOT-2017000071	F	0	PILOT-2010005492	0.7022203207015991	2.0
PILOT-2017000071	F	1	PILOT-2014008618	0.588311493396759	0.0
PILOT-2017000071	F	2	PILOT-2014005735	0.6127581596374512	0.0
PILOT-2017000071	G	0	PILOT-2014003397	0.5494638085365295	2.0
PILOT-2017000071	G	1	PILOT-2010007976	0.545196533203125	2.0
PILOT-2017000071	G	2	PILOT-2011006815	0.6853413581848145	2.0
PILOT-2017000071	H	0	PILOT-2017000030	0.8642511963844299	1.0
PILOT-2017000071	H	1	PILOT-2016006689	0.8626721501350403	2.0
PILOT-2017000071	H	2	PILOT-2014007541	0.86259526014328	0.0
PILOT-2014006550	F	0	PILOT-2017001013	0.6241337060928345	0.5
PILOT-2014006550	F	1	PILOT-2017008432	0.7176741361618042	0.5
PILOT-2014006550	F	2	PILOT-2018003477	0.6292276382446289	0.5
PILOT-2014006550	G	0	PILOT-2011002992	0.7633354067802429	3.0
PILOT-2014006550	G	1	PILOT-2010004260	0.8704017400741577	3.0
PILOT-2014006550	G	2	PILOT-2012012243	0.8846772909164429	3.0
PILOT-2014006550	H	0	PILOT-2017002949	0.933154821395874	3.0
PILOT-2014006550	H	1	PILOT-2015005568	0.9326605796813965	2.0
PILOT-2014006550	H	2	PILOT-2015007321	0.9262871742248535	2.5
PILOT-2015006206	F	0	PILOT-2012010463	0.5110556483268738	0.0
PILOT-2015006206	F	1	PILOT-2017000078	0.5777803063392639	3.0
PILOT-2015006206	F	2	PILOT-2012003042	0.6926676630973816	0.0
PILOT-2015006206	G	0	PILOT-2010005670	0.6992695927619934	3.0
PILOT-2015006206	G	1	PILOT-2010004884	0.5093585848808289	3.0
PILOT-2015006206	G	2	PILOT-2011006713	0.5728524923324585	3.0
PILOT-2015006206	H	0	PILOT-2014009901	0.7900147438049316	3.0
PILOT-2015006206	H	1	PILOT-2019001959	0.7874303460121155	1.0
PILOT-2015006206	H	2	PILOT-2010006989	0.7870596051216125	2.5
PILOT-2016007603	F	0	PILOT-2015001323	0.43264105916023254	2.0
PILOT-2016007603	F	1	PILOT-2015007520	0.581864595413208	2.0
PILOT-2016007603	F	2	PILOT-2018005752	0.6564189195632935	1.0
PILOT-2016007603	G	0	PILOT-2014003397	0.8126413822174072	2.0
PILOT-2016007603	G	1	PILOT-2010007976	0.595206618309021	2.0
PILOT-2016007603	G	2	PILOT-2011006815	0.6466355919837952	2.0
PILOT-2016007603	H	0	PILOT-2010005065	0.8904308080673218	2.0
PILOT-2016007603	H	1	PILOT-2014001124	0.8847836256027222	0.0
PILOT-2016007603	H	2	PILOT-2019002515	0.8593664169311523	2.0
PILOT-2014003236	F	0	PILOT-2016005332	0.9877288341522217	2.0
PILOT-2014003236	F	1	PILOT-2012008527	0.470689594745636	2.0
PILOT-2014003236	F	2	PILOT-2013009588	0.7074400186538696	0.0
PILOT-2014003236	G	0	PILOT-2012010629	0.836426854133606	2.0
PILOT-2014003236	G	1	PILOT-2019004147	0.5508718490600586	2.0
PILOT-2014003236	G	2	PILOT-2011002992	0.7100023031234741	2.0
PILOT-2014003236	H	0	PILOT-2015005897	1.0	2.0
PILOT-2014003236	H	1	PILOT-2017003425	1.0	2.0
PILOT-2014003236	H	2	PILOT-2014007030	1.0	2.0
PILOT-2017004286	F	0	PILOT-2017005275	0.6715809106826782	2.0
PILOT-2017004286	F	1	PILOT-2018006436	0.7361229658126831	0.0
PILOT-2017004286	F	2	PILOT-2016001486	0.5193716287612915	0.0
PILOT-2017004286	G	0	PILOT-2014009203	0.7797922492027283	2.0
PILOT-2017004286	G	1	PILOT-2016003750	0.4567565619945526	2.0
PILOT-2017004286	G	2	PILOT-2017009937	0.791557788848877	2.0
PILOT-2017004286	H	0	PILOT-2016001986	0.8640804886817932	2.0
PILOT-2017004286	H	1	PILOT-2018002115	0.8636796474456787	0.0
PILOT-2017004286	H	2	PILOT-2018005735	0.8631551265716553	2.0
PILOT-2015005752	F	0	PILOT-2019001808	0.29644352197647095	0.0
PILOT-2015005752	F	1	PILOT-2020000879	0.4204312264919281	1.0
PILOT-2015005752	F	2	PILOT-2011004228	0.3410913944244385	1.5
PILOT-2015005752	G	0	PILOT-2011012304	0.2758585214614868	3.0
PILOT-2015005752	G	1	PILOT-2011013422	0.8136773109436035	3.0
PILOT-2015005752	G	2	PILOT-2017006541	0.6427749395370483	3.0
PILOT-2015005752	H	0	PILOT-2013009486	0.9675740599632263	0.0
PILOT-2015005752	H	1	PILOT-2010010676	0.9618892669677734	0.0
PILOT-2015005752	H	2	PILOT-2015000464	0.9596356153488159	2.5
PILOT-2020002332	F	0	PILOT-2017004022	0.4290136396884918	0.0
PILOT-2020002332	F	1	PILOT-2019004550	0.6461484432220459	0.0
PILOT-2020002332	F	2	PILOT-2010007022	0.5373579263687134	1.0
PILOT-2020002332	G	0	PILOT-2012005023	0.5070605278015137	1.0
PILOT-2020002332	G	1	PILOT-2012011773	0.6407883167266846	1.0
PILOT-2020002332	G	2	PILOT-2009014397	0.5308427810668945	1.0
PILOT-2020002332	H	0	PILOT-2017003271	0.8621532917022705	1.0
PILOT-2020002332	H	1	PILOT-2017000317	0.8548978567123413	0.0
PILOT-2020002332	H	2	PILOT-2016001943	0.8439202308654785	0.0
PILOT-2019006119	F	0	PILOT-2017004214	0.5376707911491394	0.0
PILOT-2019006119	F	1	PILOT-2018002355	0.6042725443840027	0.0
PILOT-2019006119	F	2	PILOT-2016003170	0.5795228481292725	2.0
PILOT-2019006119	G	0	PILOT-2014003397	0.47241777181625366	2.0
PILOT-2019006119	G	1	PILOT-2010007976	0.5799870491027832	2.0
PILOT-2019006119	G	2	PILOT-2011006815	0.603335976600647	2.0
PILOT-2019006119	H	0	PILOT-2017010460	0.7623988389968872	0.0
PILOT-2019006119	H	1	PILOT-2020000327	0.739715039730072	0.0
PILOT-2019006119	H	2	PILOT-2020001551	0.7339244484901428	2.0
PILOT-2016007888	F	0	PILOT-2011012483	0.6635397672653198	0.0
PILOT-2016007888	F	1	PILOT-2014008209	0.698418140411377	0.0
PILOT-2016007888	F	2	PILOT-2014008307	0.5441911220550537	1.0
PILOT-2016007888	G	0	PILOT-2015006905	0.6843932867050171	3.0
PILOT-2016007888	G	1	PILOT-2013008443	0.46462342143058777	3.0
PILOT-2016007888	G	2	PILOT-2015001049	0.6854273080825806	3.0
PILOT-2016007888	H	0	PILOT-2017010391	0.8140043616294861	0.0
PILOT-2016007888	H	1	PILOT-2016003071	0.8102105855941772	2.0
PILOT-2016007888	H	2	PILOT-2017000694	0.8072916269302368	2.0
PILOT-2017004144	F	0	PILOT-2017011489	0.6120818853378296	0.0
PILOT-2017004144	F	1	PILOT-2011009133	0.5545439720153809	0.0
PILOT-2017004144	F	2	PILOT-2017003941	0.5317930579185486	0.0
PILOT-2017004144	G	0	PILOT-2012010629	0.6859214305877686	1.0
PILOT-2017004144	G	1	PILOT-2019004147	0.4995165765285492	1.0
PILOT-2017004144	G	2	PILOT-2011002992	0.6357804536819458	1.0
PILOT-2017004144	H	0	PILOT-2020003266	1.0	0.0
PILOT-2017004144	H	1	PILOT-2019000726	0.9958449602127075	1.0
PILOT-2017004144	H	2	PILOT-2017008932	0.9943593144416809	1.0
PILOT-2020000676	F	0	PILOT-2015006123	0.5138897895812988	1.5
PILOT-2020000676	F	1	PILOT-2014000047	0.537027895450592	1.5
PILOT-2020000676	F	2	PILOT-2018002393	0.5502802133560181	0.5
PILOT-2020000676	G	0	PILOT-2015007812	0.5982882976531982	3.0
PILOT-2020000676	G	1	PILOT-2011006943	0.6323330402374268	3.0
PILOT-2020000676	G	2	PILOT-2011000131	0.2858940362930298	3.0
PILOT-2020000676	H	0	PILOT-2017010053	0.6999509334564209	1.0
PILOT-2020000676	H	1	PILOT-2014009294	0.6967380046844482	1.5
PILOT-2020000676	H	2	PILOT-2018003147	0.6965044140815735	1.0
PILOT-2017006188	F	0	PILOT-2019006603	0.44382244348526	1.0
PILOT-2017006188	F	1	PILOT-2012002126	0.5068303346633911	2.0
PILOT-2017006188	F	2	PILOT-2014008618	0.35155338048934937	1.0
PILOT-2017006188	G	0	PILOT-2014003397	0.45752766728401184	3.0
PILOT-2017006188	G	1	PILOT-2011006815	0.3071445822715759	3.0
PILOT-2017006188	G	2	PILOT-2013009954	0.44337552785873413	3.0
PILOT-2017006188	H	0	PILOT-2013004685	0.7219811677932739	1.0
PILOT-2017006188	H	1	PILOT-2020006772	0.7211648225784302	1.0
PILOT-2017006188	H	2	PILOT-2019005153	0.7183789014816284	1.0
PILOT-2020002369	F	0	PILOT-2014001888	0.4310663938522339	1.0
PILOT-2020002369	F	1	PILOT-2014000877	0.5576655864715576	1.0
PILOT-2020002369	F	2	PILOT-2016001080	0.5724489092826843	1.5
PILOT-2020002369	G	0	PILOT-2016004902	0.7725727558135986	3.0
PILOT-2020002369	G	1	PILOT-2015004007	0.5983129739761353	3.0
PILOT-2020002369	G	2	PILOT-2014006846	0.4404490292072296	3.0
PILOT-2020002369	H	0	PILOT-2019002620	0.8747469186782837	2.0
PILOT-2020002369	H	1	PILOT-2019002643	0.8669142127037048	2.0
PILOT-2020002369	H	2	PILOT-2018001210	0.8649580478668213	1.0
PILOT-2017009415	F	0	PILOT-2020002478	0.5056730508804321	0.0
PILOT-2017009415	F	1	PILOT-2011012533	0.6667296290397644	0.5
PILOT-2017009415	F	2	PILOT-2018004281	0.6429541707038879	1.0
PILOT-2017009415	G	0	PILOT-2014006866	0.6855899095535278	3.0
PILOT-2017009415	G	1	PILOT-2016000618	0.5974017381668091	3.0
PILOT-2017009415	G	2	PILOT-2017000186	0.6734508275985718	3.0
PILOT-2017009415	H	0	PILOT-2018002107	0.9819390773773193	0.0
PILOT-2017009415	H	1	PILOT-2016008625	0.9287204742431641	1.0
PILOT-2017009415	H	2	PILOT-2018008770	0.9132237434387207	0.5
PILOT-2018007886	F	0	PILOT-2014002470	0.5848787426948547	1.5
PILOT-2018007886	F	1	PILOT-2015005639	0.6522226333618164	2.5
PILOT-2018007886	F	2	PILOT-2015001185	0.44011375308036804	0.5
PILOT-2018007886	G	0	PILOT-2014006866	0.7749192118644714	3.0
PILOT-2018007886	G	1	PILOT-2016000618	0.637498140335083	3.0
PILOT-2018007886	G	2	PILOT-2017000186	0.6527941226959229	3.0
PILOT-2018007886	H	0	PILOT-2016006889	0.9702679514884949	2.0
PILOT-2018007886	H	1	PILOT-2018001016	0.9634472727775574	2.0
PILOT-2018007886	H	2	PILOT-2016007554	0.9539400339126587	2.5
PILOT-2015004926	F	0	PILOT-2015004142	0.5625039935112	2.0
PILOT-2015004926	F	1	PILOT-2018002936	0.5519852638244629	0.0
PILOT-2015004926	F	2	PILOT-2012003031	0.5535627007484436	0.0
PILOT-2015004926	G	0	PILOT-2010005670	0.5401756763458252	3.0
PILOT-2015004926	G	1	PILOT-2010004884	0.336230993270874	3.0
PILOT-2015004926	G	2	PILOT-2011006713	0.46761298179626465	3.0
PILOT-2015004926	H	0	PILOT-2014003792	0.9643054008483887	2.0
PILOT-2015004926	H	1	PILOT-2015008073	0.9293184280395508	2.0
PILOT-2015004926	H	2	PILOT-2010011487	0.929094135761261	2.0
PILOT-2020000362	F	0	PILOT-2012008297	0.47565680742263794	0.0
PILOT-2020000362	F	1	PILOT-2019003163	0.8059378266334534	1.0
PILOT-2020000362	F	2	PILOT-2016002996	0.6516545414924622	1.0
PILOT-2020000362	G	0	PILOT-2017004225	0.7252174019813538	2.0
PILOT-2020000362	G	1	PILOT-2016008033	0.6275233030319214	2.0
PILOT-2020000362	G	2	PILOT-2017006552	0.5624258518218994	2.0
PILOT-2020000362	H	0	PILOT-2017006252	0.9120062589645386	0.0
PILOT-2020000362	H	1	PILOT-2018002798	0.8951583504676819	0.0
PILOT-2020000362	H	2	PILOT-2019003025	0.8896484375	1.5
PILOT-2014009182	F	0	PILOT-2019003442	0.6244767904281616	1.5
PILOT-2014009182	F	1	PILOT-2011009041	0.4460226893424988	2.0
PILOT-2014009182	F	2	PILOT-2014008590	0.5951368808746338	0.0
PILOT-2014009182	G	0	PILOT-2014003397	0.547882080078125	3.0
PILOT-2014009182	G	1	PILOT-2011006815	0.734734058380127	3.0
PILOT-2014009182	G	2	PILOT-2013009954	0.7754251956939697	3.0
PILOT-2014009182	H	0	PILOT-2016002951	0.9438021183013916	1.0
PILOT-2014009182	H	1	PILOT-2016006689	0.9408993721008301	2.0
PILOT-2014009182	H	2	PILOT-2014007275	0.9395837187767029	2.0
PILOT-2019002001	F	0	PILOT-2017010053	0.6917964816093445	0.0
PILOT-2019002001	F	1	PILOT-2014002580	0.44896769523620605	0.0
PILOT-2019002001	F	2	PILOT-2019005135	0.5302269458770752	0.5
PILOT-2019002001	G	0	PILOT-2012005023	0.6145136952400208	2.0
PILOT-2019002001	G	1	PILOT-2012011773	0.5176717042922974	2.0
PILOT-2019002001	G	2	PILOT-2009014397	0.47773322463035583	2.0
PILOT-2019002001	H	0	PILOT-2020002257	0.9148151874542236	1.0
PILOT-2019002001	H	1	PILOT-2017007541	0.9097260236740112	0.0
PILOT-2019002001	H	2	PILOT-2015007448	0.9071471095085144	1.0
PILOT-2014002745	F	0	PILOT-2016000889	0.42290198802948	0.0
PILOT-2014002745	F	1	PILOT-2021000287	0.5078142881393433	0.0
PILOT-2014002745	F	2	PILOT-2012000770	0.4907854199409485	1.0
PILOT-2014002745	G	0	PILOT-2011000113	0.6281533241271973	1.0
PILOT-2014002745	G	1	PILOT-2010009437	0.6344239711761475	1.0
PILOT-2014002745	G	2	PILOT-2016001290	0.5994625091552734	1.0
PILOT-2014002745	H	0	PILOT-2017001678	0.7026669979095459	1.0
PILOT-2014002745	H	1	PILOT-2014000476	0.6998554468154907	1.0
PILOT-2014002745	H	2	PILOT-2018007231	0.6929646730422974	0.0
PILOT-2020006264	F	0	PILOT-2019006960	0.9719185829162598	0.0
PILOT-2020006264	F	1	PILOT-2019001481	0.39482998847961426	2.0
PILOT-2020006264	F	2	PILOT-2011006122	0.7778388261795044	1.0
PILOT-2020006264	G	0	PILOT-2016003750	0.5237855315208435	3.0
PILOT-2020006264	G	1	PILOT-2017000601	0.6522992849349976	3.0
PILOT-2020006264	G	2	PILOT-2017002183	0.5461972951889038	3.0
PILOT-2020006264	H	0	PILOT-2019006960	0.9719185829162598	0.0
PILOT-2020006264	H	1	PILOT-2018002581	0.9698742628097534	1.0
PILOT-2020006264	H	2	PILOT-2019000452	0.9693320989608765	2.0
PILOT-2015000199	F	0	PILOT-2018006140	0.5873278379440308	1.0
PILOT-2015000199	F	1	PILOT-2017011365	0.8462176322937012	1.0
PILOT-2015000199	F	2	PILOT-2015000464	0.4208087921142578	1.5
PILOT-2015000199	G	0	PILOT-2016004902	0.7788232564926147	3.0
PILOT-2015000199	G	1	PILOT-2015004007	0.627911388874054	3.0
PILOT-2015000199	G	2	PILOT-2014006846	0.4887275695800781	3.0
PILOT-2015000199	H	0	PILOT-2018000263	0.9711078405380249	2.5
PILOT-2015000199	H	1	PILOT-2019006661	0.9671680331230164	0.5
PILOT-2015000199	H	2	PILOT-2015002420	0.9558520317077637	1.0
PILOT-2020000402	F	0	PILOT-2017002143	0.3997938632965088	1.0
PILOT-2020000402	F	1	PILOT-2018005207	0.4453215003013611	0.0
PILOT-2020000402	F	2	PILOT-2021001084	0.3277575969696045	0.5
PILOT-2020000402	G	0	PILOT-2017004227	0.5086592435836792	2.0
PILOT-2020000402	G	1	PILOT-2017010609	0.4963624179363251	2.0
PILOT-2020000402	G	2	PILOT-2017004849	0.4153274893760681	2.0
PILOT-2020000402	H	0	PILOT-2015008256	0.8607487678527832	1.0
PILOT-2020000402	H	1	PILOT-2017004960	0.8476507067680359	0.5
PILOT-2020000402	H	2	PILOT-2010011607	0.8462203741073608	0.5
PILOT-2011003851	F	0	PILOT-2017011699	0.7693517208099365	0.5
PILOT-2011003851	F	1	PILOT-2011000482	0.7681677937507629	1.0
PILOT-2011003851	F	2	PILOT-2015002678	0.7473034858703613	1.0
PILOT-2011003851	G	0	PILOT-2011002992	0.7437463998794556	3.0
PILOT-2011003851	G	1	PILOT-2010004260	0.8756011128425598	3.0
PILOT-2011003851	G	2	PILOT-2012012243	0.8633391857147217	3.0
PILOT-2011003851	H	0	PILOT-2012008200	0.9323054552078247	2.0
PILOT-2011003851	H	1	PILOT-2017001202	0.9262545108795166	2.0
PILOT-2011003851	H	2	PILOT-2012001716	0.9249838590621948	2.0
PILOT-2019001867	F	0	PILOT-2011004741	0.658366322517395	0.5
PILOT-2019001867	F	1	PILOT-2021001084	0.3697125315666199	0.5
PILOT-2019001867	F	2	PILOT-2020006667	0.5146547555923462	1.0
PILOT-2019001867	G	0	PILOT-2016004902	0.7706287503242493	3.0
PILOT-2019001867	G	1	PILOT-2015004007	0.46577882766723633	3.0
PILOT-2019001867	G	2	PILOT-2014006846	0.3984237015247345	3.0
PILOT-2019001867	H	0	PILOT-2019006670	0.8842554092407227	2.0
PILOT-2019001867	H	1	PILOT-2017006232	0.8709635734558105	0.5
PILOT-2019001867	H	2	PILOT-2021000343	0.8659805059432983	0.5
PILOT-2014007043	F	0	PILOT-2014002245	0.4542842507362366	0.0
PILOT-2014007043	F	1	PILOT-2011007340	0.5240415334701538	0.0
PILOT-2014007043	F	2	PILOT-2016002561	0.37098342180252075	1.0
PILOT-2014007043	G	0	PILOT-2010005670	0.5155115127563477	3.0
PILOT-2014007043	G	1	PILOT-2010004884	0.7562351226806641	3.0
PILOT-2014007043	G	2	PILOT-2011006713	0.4255770444869995	3.0
PILOT-2014007043	H	0	PILOT-2015001885	0.917616605758667	0.0
PILOT-2014007043	H	1	PILOT-2014005791	0.9041381478309631	3.0
PILOT-2014007043	H	2	PILOT-2016007157	0.8853654265403748	3.0
PILOT-2014009096	F	0	PILOT-2015004318	0.675758421421051	0.0
PILOT-2014009096	F	1	PILOT-2017006291	0.5828472375869751	0.0
PILOT-2014009096	F	2	PILOT-2014004737	0.7007906436920166	0.0
PILOT-2014009096	G	0	PILOT-2012005023	0.7615464925765991	1.0
PILOT-2014009096	G	1	PILOT-2012011773	0.5964115858078003	1.0
PILOT-2014009096	G	2	PILOT-2009014397	0.5335207581520081	1.0
PILOT-2014009096	H	0	PILOT-2016005605	0.8792885541915894	0.0
PILOT-2014009096	H	1	PILOT-2014004644	0.8777931332588196	0.0
PILOT-2014009096	H	2	PILOT-2014001272	0.8771961331367493	0.0
PILOT-2020002688	F	0	PILOT-2012007449	0.7553527355194092	0.5
PILOT-2020002688	F	1	PILOT-2014000613	0.4140021800994873	0.3333333333333333
PILOT-2020002688	F	2	PILOT-2016005949	0.6994407176971436	0.5
PILOT-2020002688	G	0	PILOT-2018001937	0.5669798851013184	2.0
PILOT-2020002688	G	1	PILOT-2018005358	0.8965815305709839	2.0
PILOT-2020002688	G	2	PILOT-2021003737	0.6711022257804871	2.0
PILOT-2020002688	H	0	PILOT-2018005448	0.9131378531455994	1.0
PILOT-2020002688	H	1	PILOT-2019002542	0.9120066165924072	1.0
PILOT-2020002688	H	2	PILOT-2017000935	0.9080625772476196	0.5
PILOT-2012010015	F	0	PILOT-2017008914	0.5917899012565613	1.0
PILOT-2012010015	F	1	PILOT-2018008195	0.6836189031600952	0.0
PILOT-2012010015	F	2	PILOT-2011001995	0.7089719772338867	0.0
PILOT-2012010015	G	0	PILOT-2011000113	0.6880810260772705	1.0
PILOT-2012010015	G	1	PILOT-2010009437	0.7163354754447937	1.0
PILOT-2012010015	G	2	PILOT-2016001290	0.6459368467330933	1.0
PILOT-2012010015	H	0	PILOT-2011012179	0.8731809854507446	0.0
PILOT-2012010015	H	1	PILOT-2013004567	0.8626002669334412	1.0
PILOT-2012010015	H	2	PILOT-2011004935	0.8564538955688477	1.0
PILOT-2019005776	F	0	PILOT-2015005238	0.6204588413238525	0.5
PILOT-2019005776	F	1	PILOT-2017008434	0.5961767435073853	0.0
PILOT-2019005776	F	2	PILOT-2016006065	0.626232385635376	0.0
PILOT-2019005776	G	0	PILOT-2017004225	0.7447428703308105	2.0
PILOT-2019005776	G	1	PILOT-2016008033	0.6438874006271362	2.0
PILOT-2019005776	G	2	PILOT-2017006552	0.6180511713027954	2.0
PILOT-2019005776	H	0	PILOT-2019001605	0.9552191495895386	0.0
PILOT-2019005776	H	1	PILOT-2020000948	0.9489715695381165	1.0
PILOT-2019005776	H	2	PILOT-2016008422	0.946053147315979	0.5
PILOT-2015004158	F	0	PILOT-2014001121	0.495709091424942	0.0
PILOT-2015004158	F	1	PILOT-2014005098	0.48867154121398926	1.0
PILOT-2015004158	F	2	PILOT-2017008056	0.43028053641319275	0.0
PILOT-2015004158	G	0	PILOT-2016000812	0.5577204823493958	3.0
PILOT-2015004158	G	1	PILOT-2017001365	0.676399290561676	3.0
PILOT-2015004158	G	2	PILOT-2017009681	0.6252986192703247	3.0
PILOT-2015004158	H	0	PILOT-2018006567	0.736850917339325	0.0
PILOT-2015004158	H	1	PILOT-2010007976	0.7162584066390991	0.0
PILOT-2015004158	H	2	PILOT-2016006484	0.702307939529419	1.0
PILOT-2020006435	F	0	PILOT-2015004519	0.6175757050514221	0.0
PILOT-2020006435	F	1	PILOT-2018008826	0.6672788858413696	0.0
PILOT-2020006435	F	2	PILOT-2017011028	0.5616579055786133	0.0
PILOT-2020006435	G	0	PILOT-2012010629	0.7870631814002991	1.0
PILOT-2020006435	G	1	PILOT-2019004147	0.6333093643188477	1.0
PILOT-2020006435	G	2	PILOT-2011002992	0.6845395565032959	1.0
PILOT-2020006435	H	0	PILOT-2017007083	0.8432047367095947	1.0
PILOT-2020006435	H	1	PILOT-2017010213	0.8385728597640991	1.0
PILOT-2020006435	H	2	PILOT-2017010047	0.8375146389007568	1.0
PILOT-2016005844	F	0	PILOT-2011011380	0.5377341508865356	1.0
PILOT-2016005844	F	1	PILOT-2019002110	0.8201285600662231	0.5
PILOT-2016005844	F	2	PILOT-2016001138	0.6071385145187378	2.0
PILOT-2016005844	G	0	PILOT-2014006866	0.6918097734451294	3.0
PILOT-2016005844	G	1	PILOT-2016000618	0.6656967401504517	3.0
PILOT-2016005844	G	2	PILOT-2017000186	0.7265046834945679	3.0
PILOT-2016005844	H	0	PILOT-2017011221	0.9208236932754517	3.0
PILOT-2016005844	H	1	PILOT-2017008426	0.9118729829788208	0.5
PILOT-2016005844	H	2	PILOT-2022001830	0.9112763404846191	0.5
PILOT-2013007708	F	0	PILOT-2015006378	0.5320124626159668	0.0
PILOT-2013007708	F	1	PILOT-2019000940	0.4976317286491394	1.5
PILOT-2013007708	F	2	PILOT-2018006772	0.5302311182022095	2.0
PILOT-2013007708	G	0	PILOT-2014003397	0.42543813586235046	3.0
PILOT-2013007708	G	1	PILOT-2011006815	0.5206665992736816	3.0
PILOT-2013007708	G	2	PILOT-2013009954	0.47509288787841797	3.0
PILOT-2013007708	H	0	PILOT-2016005905	0.6821802258491516	1.0
PILOT-2013007708	H	1	PILOT-2017006991	0.6768016815185547	2.0
PILOT-2013007708	H	2	PILOT-2013009846	0.661582350730896	2.0
PILOT-2020000158	F	0	PILOT-2019006320	0.77769535779953	0.0
PILOT-2020000158	F	1	PILOT-2020003109	0.5337508320808411	0.0
PILOT-2020000158	F	2	PILOT-2011002626	0.6808553338050842	0.0
PILOT-2020000158	G	0	PILOT-2012005023	0.7383019924163818	1.0
PILOT-2020000158	G	1	PILOT-2012011773	0.601190447807312	1.0
PILOT-2020000158	G	2	PILOT-2009014397	0.5640415549278259	1.0
PILOT-2020000158	H	0	PILOT-2017004963	0.9636555314064026	1.0
PILOT-2020000158	H	1	PILOT-2017005000	0.9282357692718506	0.0
PILOT-2020000158	H	2	PILOT-2012000421	0.9204932451248169	1.0
PILOT-2016003042	F	0	PILOT-2016005524	0.6440560817718506	1.0
PILOT-2016003042	F	1	PILOT-2017005761	0.595746636390686	0.0
PILOT-2016003042	F	2	PILOT-2017010319	0.5595057010650635	2.5
PILOT-2016003042	G	0	PILOT-2015006905	0.7062299251556396	3.0
PILOT-2016003042	G	1	PILOT-2013008443	0.5035240650177002	3.0
PILOT-2016003042	G	2	PILOT-2015001049	0.5895078182220459	3.0
PILOT-2016003042	H	0	PILOT-2019001743	0.7490708827972412	0.0
PILOT-2016003042	H	1	PILOT-2018003087	0.745876669883728	2.0
PILOT-2016003042	H	2	PILOT-2020006027	0.7450801730155945	2.0
PILOT-2011013110	F	0	PILOT-2018004277	0.6172059774398804	0.0
PILOT-2011013110	F	1	PILOT-2016004833	0.6151283979415894	0.0
PILOT-2011013110	F	2	PILOT-2016007477	0.6311599612236023	0.0
PILOT-2011013110	G	0	PILOT-2012010629	0.8352230787277222	2.0
PILOT-2011013110	G	1	PILOT-2019004147	0.569800853729248	2.0
PILOT-2011013110	G	2	PILOT-2011002992	0.7239152193069458	2.0
PILOT-2011013110	H	0	PILOT-2017002949	0.9023809432983398	2.0
PILOT-2011013110	H	1	PILOT-2017001202	0.8989781737327576	2.0
PILOT-2011013110	H	2	PILOT-2015001271	0.8957669734954834	2.0
PILOT-2014003587	F	0	PILOT-2017008139	0.48911285400390625	0.5
PILOT-2014003587	F	1	PILOT-2017001013	0.5708519220352173	2.5
PILOT-2014003587	F	2	PILOT-2017000623	0.5988554954528809	2.0
PILOT-2014003587	G	0	PILOT-2010005670	0.5705661177635193	3.0
PILOT-2014003587	G	1	PILOT-2010004884	0.3233514726161957	3.0
PILOT-2014003587	G	2	PILOT-2011006713	0.6704689860343933	3.0
PILOT-2014003587	H	0	PILOT-2018004595	0.8093918561935425	2.5
PILOT-2014003587	H	1	PILOT-2011004171	0.8045458793640137	3.0
PILOT-2014003587	H	2	PILOT-2014006866	0.7807306051254272	1.5
PILOT-2012003288	F	0	PILOT-2019000624	0.5403206944465637	0.0
PILOT-2012003288	F	1	PILOT-2017003941	0.6824290752410889	0.0
PILOT-2012003288	F	2	PILOT-2015002075	0.43490615487098694	0.0
PILOT-2012003288	G	0	PILOT-2012010629	0.5772521495819092	2.0
PILOT-2012003288	G	1	PILOT-2019004147	0.48413321375846863	2.0
PILOT-2012003288	G	2	PILOT-2011002992	0.5357283353805542	2.0
PILOT-2012003288	H	0	PILOT-2015006373	0.9461119174957275	0.0
PILOT-2012003288	H	1	PILOT-2015000965	0.9037095308303833	0.0
PILOT-2012003288	H	2	PILOT-2014003550	0.9002176523208618	0.0
PILOT-2021002328	F	0	PILOT-2016000672	0.708137035369873	0.5
PILOT-2021002328	F	1	PILOT-2018002936	0.6053024530410767	1.0
PILOT-2021002328	F	2	PILOT-2014001920	0.5717719793319702	0.5
PILOT-2021002328	G	0	PILOT-2009012822	0.45884931087493896	2.0
PILOT-2021002328	G	1	PILOT-2009014391	0.6872025728225708	2.0
PILOT-2021002328	G	2	PILOT-2010001176	0.553652286529541	2.0
PILOT-2021002328	H	0	PILOT-2013004152	0.8419455289840698	0.0
PILOT-2021002328	H	1	PILOT-2018007899	0.839205265045166	1.0
PILOT-2021002328	H	2	PILOT-2015004372	0.8320081233978271	0.0
PILOT-2011007474	F	0	PILOT-2016006661	0.6506837606430054	0.0
PILOT-2011007474	F	1	PILOT-2016006689	0.5870785713195801	2.0
PILOT-2011007474	F	2	PILOT-2017002967	0.6424362063407898	0.0
PILOT-2011007474	G	0	PILOT-2010005670	0.6652960777282715	3.0
PILOT-2011007474	G	1	PILOT-2010004884	0.4663461446762085	3.0
PILOT-2011007474	G	2	PILOT-2011006713	0.6030290722846985	3.0
PILOT-2011007474	H	0	PILOT-2015001404	0.8491467237472534	2.0
PILOT-2011007474	H	1	PILOT-2010001033	0.842099666595459	1.0
PILOT-2011007474	H	2	PILOT-2014008880	0.8403275609016418	1.0
PILOT-2017000093	F	0	PILOT-2016002457	0.7045125961303711	1.0
PILOT-2017000093	F	1	PILOT-2012007850	0.6627429723739624	0.0
PILOT-2017000093	F	2	PILOT-2019005310	0.7589719295501709	2.0
PILOT-2017000093	G	0	PILOT-2015006905	0.7269457578659058	3.0
PILOT-2017000093	G	1	PILOT-2013008443	0.587343692779541	3.0
PILOT-2017000093	G	2	PILOT-2015001049	0.7338934540748596	3.0
PILOT-2017000093	H	0	PILOT-2016006889	0.9389669895172119	1.5
PILOT-2017000093	H	1	PILOT-2018001016	0.9262370467185974	2.0
PILOT-2017000093	H	2	PILOT-2016007554	0.924511730670929	2.0
PILOT-2020001769	F	0	PILOT-2011002342	0.6537269353866577	2.0
PILOT-2020001769	F	1	PILOT-2018006317	0.7080799341201782	1.0
PILOT-2020001769	F	2	PILOT-2017008124	0.548279881477356	0.5
PILOT-2020001769	G	0	PILOT-2016003750	0.4821319282054901	3.0
PILOT-2020001769	G	1	PILOT-2017000601	0.6290355920791626	3.0
PILOT-2020001769	G	2	PILOT-2017002183	0.4688028395175934	3.0
PILOT-2020001769	H	0	PILOT-2017010699	0.951484203338623	2.0
PILOT-2020001769	H	1	PILOT-2016005488	0.948239803314209	3.0
PILOT-2020001769	H	2	PILOT-2017003418	0.947971761226654	2.0
PILOT-2012000327	F	0	PILOT-2013005665	0.5301223397254944	0.0
PILOT-2012000327	F	1	PILOT-2021000244	0.669183611869812	0.0
PILOT-2012000327	F	2	PILOT-2018004130	0.5982328653335571	0.0
PILOT-2012000327	G	0	PILOT-2011000113	0.6974753737449646	1.0
PILOT-2012000327	G	1	PILOT-2010009437	0.653245210647583	1.0
PILOT-2012000327	G	2	PILOT-2016001290	0.6341942548751831	1.0
PILOT-2012000327	H	0	PILOT-2018002423	0.9050154685974121	1.0
PILOT-2012000327	H	1	PILOT-2013004567	0.8926715850830078	1.0
PILOT-2012000327	H	2	PILOT-2011004935	0.8819434642791748	1.0
PILOT-2011009182	F	0	PILOT-2019003805	0.5563315153121948	0.0
PILOT-2011009182	F	1	PILOT-2016007157	0.5763050317764282	2.0
PILOT-2011009182	F	2	PILOT-2014003901	0.6372021436691284	0.0
PILOT-2011009182	G	0	PILOT-2014003397	0.4414576590061188	3.0
PILOT-2011009182	G	1	PILOT-2011006815	0.6383151412010193	3.0
PILOT-2011009182	G	2	PILOT-2013009954	0.5882145166397095	3.0
PILOT-2011009182	H	0	PILOT-2011010773	0.7589143514633179	3.0
PILOT-2011009182	H	1	PILOT-2019001982	0.7563680410385132	1.0
PILOT-2011009182	H	2	PILOT-2010004622	0.7519077658653259	2.0
PILOT-2017002001	F	0	PILOT-2012001574	0.675042986869812	0.0
PILOT-2017002001	F	1	PILOT-2017001730	0.49932006001472473	0.0
PILOT-2017002001	F	2	PILOT-2015000700	0.6262624263763428	0.0
PILOT-2017002001	G	0	PILOT-2011000113	0.5958229303359985	1.0
PILOT-2017002001	G	1	PILOT-2010009437	0.6719127893447876	1.0
PILOT-2017002001	G	2	PILOT-2016001290	0.5931208729743958	1.0
PILOT-2017002001	H	0	PILOT-2017003504	0.8134354948997498	1.0
PILOT-2017002001	H	1	PILOT-2012002968	0.7827397584915161	0.0
PILOT-2017002001	H	2	PILOT-2013010561	0.7784220576286316	1.0
PILOT-2021003980	F	0	PILOT-2020001144	0.5673155784606934	1.0
PILOT-2021003980	F	1	PILOT-2011004741	0.7754212617874146	0.0
PILOT-2021003980	F	2	PILOT-2018000743	0.7378077507019043	0.0
PILOT-2021003980	G	0	PILOT-2017004513	0.49426811933517456	2.0
PILOT-2021003980	G	1	PILOT-2016007277	0.8098653554916382	2.0
PILOT-2021003980	G	2	PILOT-2018002131	0.6790237426757812	2.0
PILOT-2021003980	H	0	PILOT-2018003380	0.9754354953765869	1.0
PILOT-2021003980	H	1	PILOT-2017006129	0.9724023342132568	0.0
PILOT-2021003980	H	2	PILOT-2017005573	0.9699581861495972	1.0
PILOT-2011004581	F	0	PILOT-2017008735	0.4756869971752167	0.0
PILOT-2011004581	F	1	PILOT-2012003031	0.3887672424316406	0.0
PILOT-2011004581	F	2	PILOT-2016005994	0.8504256010055542	2.0
PILOT-2011004581	G	0	PILOT-2014003397	0.34913527965545654	2.0
PILOT-2011004581	G	1	PILOT-2010007976	0.42382538318634033	2.0
PILOT-2011004581	G	2	PILOT-2011006815	0.40819552540779114	2.0
PILOT-2011004581	H	0	PILOT-2014004632	0.9762860536575317	0.0
PILOT-2011004581	H	1	PILOT-2011007730	0.9704303741455078	0.0
PILOT-2011004581	H	2	PILOT-2016001662	0.9694267511367798	2.0
PILOT-2017007272	F	0	PILOT-2013010561	0.5097834467887878	0.0
PILOT-2017007272	F	1	PILOT-2019001517	0.37826448678970337	0.0
PILOT-2017007272	F	2	PILOT-2014005050	0.4397203326225281	2.0
PILOT-2017007272	G	0	PILOT-2014003397	0.39036107063293457	2.0
PILOT-2017007272	G	1	PILOT-2010007976	0.4277406632900238	2.0
PILOT-2017007272	G	2	PILOT-2011006815	0.42956623435020447	2.0
PILOT-2017007272	H	0	PILOT-2016008022	0.8897430300712585	2.0
PILOT-2017007272	H	1	PILOT-2015007824	0.8839741945266724	1.0
PILOT-2017007272	H	2	PILOT-2011011164	0.8823027014732361	1.0
PILOT-2012008496	F	0	PILOT-2011007151	0.6011687517166138	1.0
PILOT-2012008496	F	1	PILOT-2012006550	0.6212815642356873	2.5
PILOT-2012008496	F	2	PILOT-2017010836	0.6672940254211426	3.0
PILOT-2012008496	G	0	PILOT-2011012304	0.6746162176132202	3.0
PILOT-2012008496	G	1	PILOT-2011013422	0.5657191872596741	3.0
PILOT-2012008496	G	2	PILOT-2017006541	0.5812649130821228	3.0
PILOT-2012008496	H	0	PILOT-2011007499	0.857677698135376	2.0
PILOT-2012008496	H	1	PILOT-2012003695	0.8403726816177368	2.0
PILOT-2012008496	H	2	PILOT-2017005100	0.8392602801322937	0.0
PILOT-2019005007	F	0	PILOT-2018003355	0.6112326383590698	1.5
PILOT-2019005007	F	1	PILOT-2012002293	0.5579457879066467	0.0
PILOT-2019005007	F	2	PILOT-2018003380	0.5278568267822266	1.5
PILOT-2019005007	G	0	PILOT-2015007812	0.5634325742721558	3.0
PILOT-2019005007	G	1	PILOT-2011006943	0.5803877115249634	3.0
PILOT-2019005007	G	2	PILOT-2011000131	0.3760533034801483	3.0
PILOT-2019005007	H	0	PILOT-2014006353	0.8776808381080627	2.0
PILOT-2019005007	H	1	PILOT-2011009677	0.8687604665756226	1.0
PILOT-2019005007	H	2	PILOT-2011006973	0.8674802780151367	1.0
PILOT-2016000830	F	0	PILOT-2016004991	0.6641044020652771	2.0
PILOT-2016000830	F	1	PILOT-2013001143	0.6127073764801025	1.0
PILOT-2016000830	F	2	PILOT-2011012831	0.5437866449356079	1.0
PILOT-2016000830	G	0	PILOT-2015003884	0.6539067029953003	2.0
PILOT-2016000830	G	1	PILOT-2014006866	0.5607926845550537	2.0
PILOT-2016000830	G	2	PILOT-2016000618	0.5110893249511719	2.0
PILOT-2016000830	H	0	PILOT-2018004436	0.8295273780822754	0.0
PILOT-2016000830	H	1	PILOT-2016008609	0.8128303289413452	0.0
PILOT-2016000830	H	2	PILOT-2014004797	0.8076310157775879	0.0
PILOT-2021001124	F	0	PILOT-2010011120	0.6656373739242554	0.0
PILOT-2021001124	F	1	PILOT-2017011007	0.7157231569290161	1.0
PILOT-2021001124	F	2	PILOT-2019001016	0.8505253791809082	0.0
PILOT-2021001124	G	0	PILOT-2015003884	0.7461004853248596	1.0
PILOT-2021001124	G	1	PILOT-2014006866	0.6904636025428772	1.0
PILOT-2021001124	G	2	PILOT-2016000618	0.6105656027793884	1.0
PILOT-2021001124	H	0	PILOT-2017006141	0.9286534786224365	0.0
PILOT-2021001124	H	1	PILOT-2016003849	0.8970720767974854	0.0
PILOT-2021001124	H	2	PILOT-2015000857	0.8840389251708984	0.0
PILOT-2010011970	F	0	PILOT-2015003188	0.47418591380119324	2.0
PILOT-2010011970	F	1	PILOT-2017006627	0.6343504190444946	0.0
PILOT-2010011970	F	2	PILOT-2017002957	0.5826826691627502	0.0
PILOT-2010011970	G	0	PILOT-2014003397	0.8122446537017822	2.0
PILOT-2010011970	G	1	PILOT-2010007976	0.5877844095230103	2.0
PILOT-2010011970	G	2	PILOT-2011006815	0.6034518480300903	2.0
PILOT-2010011970	H	0	PILOT-2010005065	0.8585096597671509	2.0
PILOT-2010011970	H	1	PILOT-2014001124	0.8347537517547607	0.0
PILOT-2010011970	H	2	PILOT-2015000545	0.832793653011322	0.0
PILOT-2017010497	F	0	PILOT-2017010858	0.3406940996646881	0.0
PILOT-2017010497	F	1	PILOT-2014006520	0.3164897561073303	2.0
PILOT-2017010497	F	2	PILOT-2017003217	0.35250604152679443	1.0
PILOT-2017010497	G	0	PILOT-2010005670	0.36344558000564575	3.0
PILOT-2017010497	G	1	PILOT-2010004884	0.36625176668167114	3.0
PILOT-2017010497	G	2	PILOT-2011006713	0.33559027314186096	3.0
PILOT-2017010497	H	0	PILOT-2015000033	0.6423779726028442	3.0
PILOT-2017010497	H	1	PILOT-2016000035	0.6417807340621948	2.5
PILOT-2017010497	H	2	PILOT-2017006541	0.6374257802963257	2.5
PILOT-2011008843	F	0	PILOT-2014009503	0.39558735489845276	2.0
PILOT-2011008843	F	1	PILOT-2019004147	0.5028014183044434	0.0
PILOT-2011008843	F	2	PILOT-2015002306	0.6124203205108643	2.0
PILOT-2011008843	G	0	PILOT-2014003397	0.5538023710250854	2.0
PILOT-2011008843	G	1	PILOT-2010007976	0.7837294340133667	2.0
PILOT-2011008843	G	2	PILOT-2011006815	0.6506093740463257	2.0
PILOT-2011008843	H	0	PILOT-2015001678	0.857393741607666	0.0
PILOT-2011008843	H	1	PILOT-2012009754	0.8548589944839478	2.0
PILOT-2011008843	H	2	PILOT-2012005807	0.854451596736908	2.0
PILOT-2020002729	F	0	PILOT-2018008730	0.6323037147521973	0.5
PILOT-2020002729	F	1	PILOT-2015000032	0.6187576055526733	0.0
PILOT-2020002729	F	2	PILOT-2011012346	0.5746775269508362	3.0
PILOT-2020002729	G	0	PILOT-2011002992	0.6683831214904785	3.0
PILOT-2020002729	G	1	PILOT-2010004260	0.688489556312561	3.0
PILOT-2020002729	G	2	PILOT-2012012243	0.7388443946838379	3.0
PILOT-2020002729	H	0	PILOT-2016001762	0.7764707207679749	0.0
PILOT-2020002729	H	1	PILOT-2019005470	0.7726986408233643	1.0
PILOT-2020002729	H	2	PILOT-2017010554	0.7699685096740723	1.0
PILOT-2015004151	F	0	PILOT-2015004007	0.563483715057373	1.0
PILOT-2015004151	F	1	PILOT-2021003094	0.3908677101135254	0.0
PILOT-2015004151	F	2	PILOT-2017006141	0.656257152557373	0.0
PILOT-2015004151	G	0	PILOT-2011000113	0.6253669857978821	1.0
PILOT-2015004151	G	1	PILOT-2010009437	0.6875441074371338	1.0
PILOT-2015004151	G	2	PILOT-2016001290	0.6112390756607056	1.0
PILOT-2015004151	H	0	PILOT-2018003610	0.7774144411087036	0.0
PILOT-2015004151	H	1	PILOT-2016001620	0.7756389379501343	0.0
PILOT-2015004151	H	2	PILOT-2011002866	0.7687881588935852	0.0
PILOT-2020000122	F	0	PILOT-2014007151	0.6820788383483887	0.0
PILOT-2020000122	F	1	PILOT-2018008760	0.5233051776885986	0.0
PILOT-2020000122	F	2	PILOT-2018003500	0.6729924082756042	0.5
PILOT-2020000122	G	0	PILOT-2012005023	0.67855304479599	2.0
PILOT-2020000122	G	1	PILOT-2012011773	0.6720727682113647	2.0
PILOT-2020000122	G	2	PILOT-2009014397	0.5118175148963928	2.0
PILOT-2020000122	H	0	PILOT-2021000678	0.9542487263679504	1.0
PILOT-2020000122	H	1	PILOT-2020006314	0.9405205249786377	0.0
PILOT-2020000122	H	2	PILOT-2017011409	0.9328913688659668	0.0
PILOT-2010008015	F	0	PILOT-2016006447	0.6120039224624634	2.0
PILOT-2010008015	F	1	PILOT-2012011681	0.6406028270721436	1.0
PILOT-2010008015	F	2	PILOT-2019006436	0.5201505422592163	1.0
PILOT-2010008015	G	0	PILOT-2014003397	0.550256073474884	3.0
PILOT-2010008015	G	1	PILOT-2011006815	0.7182111740112305	3.0
PILOT-2010008015	G	2	PILOT-2013009954	0.6395230293273926	3.0
PILOT-2010008015	H	0	PILOT-2018002351	0.9567393064498901	0.0
PILOT-2010008015	H	1	PILOT-2018006772	0.9505934715270996	2.0
PILOT-2010008015	H	2	PILOT-2013003241	0.9446225166320801	2.5
PILOT-2018003513	F	0	PILOT-2015007041	0.20496171712875366	0.0
PILOT-2018003513	F	1	PILOT-2018000341	0.210605651140213	0.0
PILOT-2018003513	F	2	PILOT-2021000276	0.27536213397979736	0.5
PILOT-2018003513	G	0	PILOT-2012006717	0.1197831928730011	2.0
PILOT-2018003513	G	1	PILOT-2011000273	0.32297977805137634	2.0
PILOT-2018003513	G	2	PILOT-2011009913	0.1908441185951233	2.0
PILOT-2018003513	H	0	PILOT-2016002505	0.5110206604003906	1.0
PILOT-2018003513	H	1	PILOT-2011013571	0.47491055727005005	1.0
PILOT-2018003513	H	2	PILOT-2013004387	0.47398215532302856	0.5
PILOT-2018007979	F	0	PILOT-2018003439	0.5736581087112427	0.5
PILOT-2018007979	F	1	PILOT-2015007115	0.403037965297699	0.5
PILOT-2018007979	F	2	PILOT-2015003146	0.23078784346580505	0.0
PILOT-2018007979	G	0	PILOT-2010008379	0.3996453881263733	3.0
PILOT-2018007979	G	1	PILOT-2011001954	0.486320436000824	3.0
PILOT-2018007979	G	2	PILOT-2014006085	0.3714575171470642	3.0
PILOT-2018007979	H	0	PILOT-2020005052	0.6920800805091858	0.0
PILOT-2018007979	H	1	PILOT-2019001949	0.6833977699279785	2.0
PILOT-2018007979	H	2	PILOT-2018003653	0.6593087315559387	0.5
PILOT-2010010196	F	0	PILOT-2017003401	0.7195733189582825	0.0
PILOT-2010010196	F	1	PILOT-2018009122	0.5496917366981506	1.0
PILOT-2010010196	F	2	PILOT-2015000867	0.5514731407165527	0.0
PILOT-2010010196	G	0	PILOT-2011000113	0.567667543888092	1.0
PILOT-2010010196	G	1	PILOT-2010009437	0.7090806365013123	1.0
PILOT-2010010196	G	2	PILOT-2016001290	0.6254428625106812	1.0
PILOT-2010010196	H	0	PILOT-2012003695	0.8309239149093628	0.0
PILOT-2010010196	H	1	PILOT-2014007458	0.8215960264205933	0.0
PILOT-2010010196	H	2	PILOT-2011013428	0.8190023303031921	1.0
PILOT-2014002407	F	0	PILOT-2019001169	0.3759409785270691	0.0
PILOT-2014002407	F	1	PILOT-2011003802	0.8811336159706116	1.0
PILOT-2014002407	F	2	PILOT-2015000733	0.6643010377883911	2.0
PILOT-2014002407	G	0	PILOT-2013001143	0.6842565536499023	3.0
PILOT-2014002407	G	1	PILOT-2014009566	0.37025806307792664	3.0
PILOT-2014002407	G	2	PILOT-2014008273	0.6370913982391357	3.0
PILOT-2014002407	H	0	PILOT-2019006439	0.9211608171463013	1.0
PILOT-2014002407	H	1	PILOT-2014003102	0.905895471572876	2.0
PILOT-2014002407	H	2	PILOT-2015004476	0.9012389183044434	2.0
PILOT-2019006614	F	0	PILOT-2019000963	0.7506445050239563	0.0
PILOT-2019006614	F	1	PILOT-2018008394	0.7222427725791931	0.0
PILOT-2019006614	F	2	PILOT-2013009277	0.6970279216766357	0.0
PILOT-2019006614	G	0	PILOT-2012005023	0.7477953433990479	1.0
PILOT-2019006614	G	1	PILOT-2012011773	0.6249726414680481	1.0
PILOT-2019006614	G	2	PILOT-2009014397	0.5669288039207458	1.0
PILOT-2019006614	H	0	PILOT-2020000966	0.9049808382987976	0.0
PILOT-2019006614	H	1	PILOT-2017001990	0.9012039303779602	0.0
PILOT-2019006614	H	2	PILOT-2016007474	0.9006900191307068	0.0
PILOT-2013001277	F	0	PILOT-2016006312	0.6202507019042969	0.0
PILOT-2013001277	F	1	PILOT-2013007729	0.6671953201293945	2.0
PILOT-2013001277	F	2	PILOT-2014009880	0.7403549551963806	0.0
PILOT-2013001277	G	0	PILOT-2012010629	0.8160413503646851	2.0
PILOT-2013001277	G	1	PILOT-2019004147	0.5739172101020813	2.0
PILOT-2013001277	G	2	PILOT-2011002992	0.7044689059257507	2.0
PILOT-2013001277	H	0	PILOT-2018007677	0.9571019411087036	2.0
PILOT-2013001277	H	1	PILOT-2017003072	0.9558231830596924	2.0
PILOT-2013001277	H	2	PILOT-2014008429	0.9213629364967346	2.0
PILOT-2014008375	F	0	PILOT-2015008256	0.8361419439315796	1.5
PILOT-2014008375	F	1	PILOT-2014005766	0.4614315927028656	0.0
PILOT-2014008375	F	2	PILOT-2012011874	0.4674999415874481	2.0
PILOT-2014008375	G	0	PILOT-2010005670	0.5496389865875244	3.0
PILOT-2014008375	G	1	PILOT-2010004884	0.8762632608413696	3.0
PILOT-2014008375	G	2	PILOT-2011006713	0.42407652735710144	3.0
PILOT-2014008375	H	0	PILOT-2015000814	0.9232804775238037	1.0
PILOT-2014008375	H	1	PILOT-2011004255	0.9200664758682251	3.0
PILOT-2014008375	H	2	PILOT-2014006846	0.9169663190841675	1.5
PILOT-2010007757	F	0	PILOT-2012000887	0.4913160800933838	1.0
PILOT-2010007757	F	1	PILOT-2011010584	0.46865397691726685	0.0
PILOT-2010007757	F	2	PILOT-2018007382	0.6456457376480103	0.0
PILOT-2010007757	G	0	PILOT-2014003397	0.6053715944290161	2.0
PILOT-2010007757	G	1	PILOT-2010007976	0.8809601068496704	2.0
PILOT-2010007757	G	2	PILOT-2011006815	0.6871720552444458	2.0
PILOT-2010007757	H	0	PILOT-2011000482	0.9111030101776123	2.0
PILOT-2010007757	H	1	PILOT-2012009880	0.8980023860931396	2.0
PILOT-2010007757	H	2	PILOT-2015002921	0.8950241804122925	2.0
PILOT-2020003998	F	0	PILOT-2014004332	0.5343908071517944	0.0
PILOT-2020003998	F	1	PILOT-2018002820	0.7751357555389404	0.0
PILOT-2020003998	F	2	PILOT-2020002880	0.5671799182891846	0.0
PILOT-2020003998	G	0	PILOT-2015003884	0.6561393737792969	1.0
PILOT-2020003998	G	1	PILOT-2014006866	0.6143609285354614	1.0
PILOT-2020003998	G	2	PILOT-2016000618	0.5132201910018921	1.0
PILOT-2020003998	H	0	PILOT-2020001254	0.8318016529083252	0.0
PILOT-2020003998	H	1	PILOT-2015001339	0.8266280889511108	0.0
PILOT-2020003998	H	2	PILOT-2019002800	0.8254092335700989	0.0
PILOT-2016004446	F	0	PILOT-2017008768	0.6199427843093872	0.0
PILOT-2016004446	F	1	PILOT-2012005807	0.7029174566268921	2.0
PILOT-2016004446	F	2	PILOT-2015005056	0.6305888891220093	0.0
PILOT-2016004446	G	0	PILOT-2014003397	0.5768536329269409	2.0
PILOT-2016004446	G	1	PILOT-2010007976	0.6902620196342468	2.0
PILOT-2016004446	G	2	PILOT-2011006815	0.7537201046943665	2.0
PILOT-2016004446	H	0	PILOT-2014008359	0.8616538047790527	0.0
PILOT-2016004446	H	1	PILOT-2015004142	0.8441299796104431	2.0
PILOT-2016004446	H	2	PILOT-2017005684	0.8436406850814819	2.0
PILOT-2019005292	F	0	PILOT-2013009277	0.4486963748931885	0.5
PILOT-2019005292	F	1	PILOT-2011011164	0.36360105872154236	0.5
PILOT-2019005292	F	2	PILOT-2011012174	0.6555206775665283	1.0
PILOT-2019005292	G	0	PILOT-2009012822	0.4338000416755676	2.0
PILOT-2019005292	G	1	PILOT-2009014391	0.5779920816421509	2.0
PILOT-2019005292	G	2	PILOT-2010001176	0.47350427508354187	2.0
PILOT-2019005292	H	0	PILOT-2015003796	0.9485775232315063	1.0
PILOT-2019005292	H	1	PILOT-2016003128	0.9475891590118408	2.0
PILOT-2019005292	H	2	PILOT-2016006312	0.9377490878105164	1.5
PILOT-2009010505	F	0	PILOT-2017009256	0.7047787308692932	2.5
PILOT-2009010505	F	1	PILOT-2011011508	0.677595317363739	1.5
PILOT-2009010505	F	2	PILOT-2012008527	0.4860382676124573	0.5
PILOT-2009010505	G	0	PILOT-2011012304	0.5890240669250488	3.0
PILOT-2009010505	G	1	PILOT-2011013422	0.4521757662296295	3.0
PILOT-2009010505	G	2	PILOT-2017006541	0.457003653049469	3.0
PILOT-2009010505	H	0	PILOT-2011010459	0.8329424858093262	1.0
PILOT-2009010505	H	1	PILOT-2010005912	0.8139455318450928	0.5
PILOT-2009010505	H	2	PILOT-2015003340	0.8122835159301758	0.5
PILOT-2017002029	F	0	PILOT-2016005949	0.591122031211853	1.0
PILOT-2017002029	F	1	PILOT-2012009904	0.7157639265060425	1.0
PILOT-2017002029	F	2	PILOT-2012005343	0.5559364557266235	1.0
PILOT-2017002029	G	0	PILOT-2014003397	0.5612186193466187	2.0
PILOT-2017002029	G	1	PILOT-2011006815	0.6884893178939819	2.0
PILOT-2017002029	G	2	PILOT-2013009954	0.7634168863296509	2.0
PILOT-2017002029	H	0	PILOT-2016003514	0.9591943621635437	1.0
PILOT-2017002029	H	1	PILOT-2016003940	0.9589552879333496	0.0
PILOT-2017002029	H	2	PILOT-2017003295	0.9577276706695557	1.5
PILOT-2011011469	F	0	PILOT-2014001772	0.6982824802398682	2.0
PILOT-2011011469	F	1	PILOT-2016005699	0.6035882234573364	2.0
PILOT-2011011469	F	2	PILOT-2018008421	0.45276379585266113	1.0
PILOT-2011011469	G	0	PILOT-2014003397	0.5227584838867188	2.0
PILOT-2011011469	G	1	PILOT-2010007976	0.6988924145698547	2.0
PILOT-2011011469	G	2	PILOT-2011006815	0.6462218165397644	2.0
PILOT-2011011469	H	0	PILOT-2014001187	0.9686279892921448	1.0
PILOT-2011011469	H	1	PILOT-2011000669	0.9679166674613953	1.0
PILOT-2011011469	H	2	PILOT-2016000476	0.9588303565979004	2.0
PILOT-2019002439	F	0	PILOT-2017007195	0.6756076812744141	1.0
PILOT-2019002439	F	1	PILOT-2020002772	0.4696124792098999	3.0
PILOT-2019002439	F	2	PILOT-2013001455	0.3842146396636963	2.5
PILOT-2019002439	G	0	PILOT-2011012304	0.6483335494995117	3.0
PILOT-2019002439	G	1	PILOT-2011013422	0.44983917474746704	3.0
PILOT-2019002439	G	2	PILOT-2017006541	0.49940115213394165	3.0
PILOT-2019002439	H	0	PILOT-2010009699	0.9429513812065125	2.5
PILOT-2019002439	H	1	PILOT-2014003954	0.9145510196685791	0.5
PILOT-2019002439	H	2	PILOT-2017005336	0.9099323749542236	1.0
PILOT-2016006702	F	0	PILOT-2015001085	0.7370615005493164	1.0
PILOT-2016006702	F	1	PILOT-2017007936	0.6757303476333618	0.0
PILOT-2016006702	F	2	PILOT-2014006201	0.6803642511367798	0.5
PILOT-2016006702	G	0	PILOT-2010008379	0.81215500831604	3.0
PILOT-2016006702	G	1	PILOT-2011001954	0.680772066116333	3.0
PILOT-2016006702	G	2	PILOT-2014006085	0.7757294774055481	3.0
PILOT-2016006702	H	0	PILOT-2018003818	0.93772953748703	2.5
PILOT-2016006702	H	1	PILOT-2015005568	0.9362365007400513	2.0
PILOT-2016006702	H	2	PILOT-2017010047	0.9335909485816956	2.0
PILOT-2022001087	F	0	PILOT-2015003588	0.8834599256515503	0.0
PILOT-2022001087	F	1	PILOT-2021003094	0.4573040008544922	0.5
PILOT-2022001087	F	2	PILOT-2017005328	0.5252231955528259	0.5
PILOT-2022001087	G	0	PILOT-2019004809	0.6210142374038696	1.5
PILOT-2022001087	G	1	PILOT-2010008379	0.7164232730865479	1.0
PILOT-2022001087	G	2	PILOT-2011012304	0.6024681329727173	1.0
PILOT-2022001087	H	0	PILOT-2018004372	0.9471902847290039	0.0
PILOT-2022001087	H	1	PILOT-2017011823	0.9392828941345215	0.5
PILOT-2022001087	H	2	PILOT-2016002033	0.9379113912582397	0.0
PILOT-2012006145	F	0	PILOT-2015000524	0.5126011371612549	2.0
PILOT-2012006145	F	1	PILOT-2018009126	0.5274777412414551	0.0
PILOT-2012006145	F	2	PILOT-2013007319	0.6288127899169922	2.0
PILOT-2012006145	G	0	PILOT-2014003397	0.6215337514877319	2.0
PILOT-2012006145	G	1	PILOT-2010007976	0.6282821297645569	2.0
PILOT-2012006145	G	2	PILOT-2011006815	0.568002462387085	2.0
PILOT-2012006145	H	0	PILOT-2015003218	0.8528797030448914	1.0
PILOT-2012006145	H	1	PILOT-2010012232	0.8443496227264404	2.0
PILOT-2012006145	H	2	PILOT-2011006973	0.8390340805053711	2.0
PILOT-2018000427	F	0	PILOT-2012006357	0.6333073973655701	1.0
PILOT-2018000427	F	1	PILOT-2019001691	0.77787184715271	0.0
PILOT-2018000427	F	2	PILOT-2015001271	0.7269416451454163	1.0
PILOT-2018000427	G	0	PILOT-2014006866	0.714473307132721	3.0
PILOT-2018000427	G	1	PILOT-2016000618	0.7197651267051697	3.0
PILOT-2018000427	G	2	PILOT-2017000186	0.634717583656311	3.0
PILOT-2018000427	H	0	PILOT-2017005082	0.9735018014907837	2.5
PILOT-2018000427	H	1	PILOT-2015004239	0.9412879943847656	2.0
PILOT-2018000427	H	2	PILOT-2018001221	0.9340153932571411	1.0
PILOT-2012005674	F	0	PILOT-2014008359	0.5445219278335571	0.0
PILOT-2012005674	F	1	PILOT-2021000772	0.5510989427566528	1.0
PILOT-2012005674	F	2	PILOT-2018001022	0.7156997919082642	0.0
PILOT-2012005674	G	0	PILOT-2010005670	0.5639616250991821	3.0
PILOT-2012005674	G	1	PILOT-2010004884	0.385708749294281	3.0
PILOT-2012005674	G	2	PILOT-2011006713	0.4666915833950043	3.0
PILOT-2012005674	H	0	PILOT-2011002383	0.7823991775512695	3.0
PILOT-2012005674	H	1	PILOT-2015001471	0.7815030813217163	2.0
PILOT-2012005674	H	2	PILOT-2013009151	0.7779735922813416	0.0
PILOT-2021000834	F	0	PILOT-2019005445	0.5958840847015381	0.0
PILOT-2021000834	F	1	PILOT-2013001399	0.3916417062282562	0.0
PILOT-2021000834	F	2	PILOT-2017000163	0.22788900136947632	0.0
PILOT-2021000834	G	0	PILOT-2021000276	0.8701813220977783	2.0
PILOT-2021000834	G	1	PILOT-2018000833	0.46386000514030457	2.0
PILOT-2021000834	G	2	PILOT-2015006542	0.38055410981178284	2.0
PILOT-2021000834	H	0	PILOT-2017008513	0.9439370632171631	0.5
PILOT-2021000834	H	1	PILOT-2017006742	0.9429250955581665	0.0
PILOT-2021000834	H	2	PILOT-2017001281	0.9381551146507263	1.0
PILOT-2016000849	F	0	PILOT-2014004783	0.4569958448410034	2.0
PILOT-2016000849	F	1	PILOT-2017010699	0.7243698835372925	1.0
PILOT-2016000849	F	2	PILOT-2016005785	0.7250608801841736	0.0
PILOT-2016000849	G	0	PILOT-2010005670	0.7008453607559204	3.0
PILOT-2016000849	G	1	PILOT-2010004884	0.5113315582275391	3.0
PILOT-2016000849	G	2	PILOT-2011006713	0.5846340656280518	3.0
PILOT-2016000849	H	0	PILOT-2018004614	0.8831921815872192	2.0
PILOT-2016000849	H	1	PILOT-2018000615	0.8774849772453308	1.0
PILOT-2016000849	H	2	PILOT-2016008736	0.8747633695602417	1.5
PILOT-2020002555	F	0	PILOT-2021001155	0.5449699759483337	1.0
PILOT-2020002555	F	1	PILOT-2014008937	0.6530193090438843	1.0
PILOT-2020002555	F	2	PILOT-2015005324	0.6622511148452759	0.0
PILOT-2020002555	G	0	PILOT-2012010629	0.8103016018867493	2.0
PILOT-2020002555	G	1	PILOT-2019004147	0.5322874188423157	2.0
PILOT-2020002555	G	2	PILOT-2011009008	0.7349610328674316	2.0
PILOT-2020002555	H	0	PILOT-2017008821	0.9969515204429626	1.0
PILOT-2020002555	H	1	PILOT-2017008874	0.9926900863647461	1.0
PILOT-2020002555	H	2	PILOT-2018001136	0.9924486875534058	2.0
PILOT-2012007524	F	0	PILOT-2012006269	0.46830034255981445	0.0
PILOT-2012007524	F	1	PILOT-2017010795	0.35720545053482056	0.0
PILOT-2012007524	F	2	PILOT-2016001970	0.6682772636413574	0.0
PILOT-2012007524	G	0	PILOT-2010005670	0.6393833160400391	3.0
PILOT-2012007524	G	1	PILOT-2010004884	0.43342840671539307	3.0
PILOT-2012007524	G	2	PILOT-2011006713	0.5875537395477295	3.0
PILOT-2012007524	H	0	PILOT-2015005634	0.8541618585586548	0.0
PILOT-2012007524	H	1	PILOT-2012003760	0.8491191864013672	1.0
PILOT-2012007524	H	2	PILOT-2013002602	0.8474217653274536	1.0
PILOT-2013000789	F	0	PILOT-2018006707	0.6480028629302979	1.0
PILOT-2013000789	F	1	PILOT-2016001762	0.7472220659255981	2.0
PILOT-2013000789	F	2	PILOT-2014001865	0.3681428134441376	2.0
PILOT-2013000789	G	0	PILOT-2014003397	0.4918863773345947	2.0
PILOT-2013000789	G	1	PILOT-2010007976	0.5623253583908081	2.0
PILOT-2013000789	G	2	PILOT-2011006815	0.5859983563423157	2.0
PILOT-2013000789	H	0	PILOT-2016001432	0.8633829355239868	1.0
PILOT-2013000789	H	1	PILOT-2011012831	0.8419461846351624	2.0
PILOT-2013000789	H	2	PILOT-2015008136	0.8414375185966492	2.0
PILOT-2020004768	F	0	PILOT-2011012645	0.709755003452301	1.0
PILOT-2020004768	F	1	PILOT-2012004915	0.6562513113021851	0.0
PILOT-2020004768	F	2	PILOT-2016000989	0.5792943239212036	0.0
PILOT-2020004768	G	0	PILOT-2016007277	0.7725484371185303	3.0
PILOT-2020004768	G	1	PILOT-2018006513	0.7046827077865601	3.0
PILOT-2020004768	G	2	PILOT-2018004220	0.6542760133743286	3.0
PILOT-2020004768	H	0	PILOT-2015000875	0.8646018505096436	1.0
PILOT-2020004768	H	1	PILOT-2020001589	0.8510764837265015	0.0
PILOT-2020004768	H	2	PILOT-2018006436	0.8457456827163696	0.0
PILOT-2011012180	F	0	PILOT-2019006711	0.4398825764656067	1.0
PILOT-2011012180	F	1	PILOT-2012003042	0.6641732454299927	0.0
PILOT-2011012180	F	2	PILOT-2012003695	0.724472165107727	2.0
PILOT-2011012180	G	0	PILOT-2014003397	0.6036404371261597	3.0
PILOT-2011012180	G	1	PILOT-2011006815	0.7047072649002075	3.0
PILOT-2011012180	G	2	PILOT-2013009954	0.6482340097427368	3.0
PILOT-2011012180	H	0	PILOT-2010009759	0.8166164755821228	0.0
PILOT-2011012180	H	1	PILOT-2013010659	0.8060017824172974	2.0
PILOT-2011012180	H	2	PILOT-2010012081	0.8042367696762085	2.0
PILOT-2019003829	F	0	PILOT-2018002380	0.5794950127601624	1.0
PILOT-2019003829	F	1	PILOT-2012006306	0.6446985006332397	0.0
PILOT-2019003829	F	2	PILOT-2017010981	0.555998682975769	2.0
PILOT-2019003829	G	0	PILOT-2014003397	0.6347604990005493	2.0
PILOT-2019003829	G	1	PILOT-2010007976	0.7213486433029175	2.0
PILOT-2019003829	G	2	PILOT-2011006815	0.6200038194656372	2.0
PILOT-2019003829	H	0	PILOT-2017000623	0.9231751561164856	2.0
PILOT-2019003829	H	1	PILOT-2020002858	0.909991979598999	2.0
PILOT-2019003829	H	2	PILOT-2015000381	0.8989348411560059	2.0
PILOT-2017007595	F	0	PILOT-2018007828	0.5993832945823669	1.0
PILOT-2017007595	F	1	PILOT-2016004618	0.6432965993881226	0.0
PILOT-2017007595	F	2	PILOT-2020004931	0.6565011739730835	2.0
PILOT-2017007595	G	0	PILOT-2014003397	0.5858932733535767	2.0
PILOT-2017007595	G	1	PILOT-2010007976	0.656700074672699	2.0
PILOT-2017007595	G	2	PILOT-2011006815	0.734435498714447	2.0
PILOT-2017007595	H	0	PILOT-2012009210	0.8954699039459229	0.0
PILOT-2017007595	H	1	PILOT-2017007004	0.889106810092926	2.0
PILOT-2017007595	H	2	PILOT-2016003510	0.8873564600944519	0.0
PILOT-2015006603	F	0	PILOT-2013008818	0.587451159954071	1.0
PILOT-2015006603	F	1	PILOT-2010005065	0.4691864848136902	2.0
PILOT-2015006603	F	2	PILOT-2017001772	0.5917869210243225	0.0
PILOT-2015006603	G	0	PILOT-2014006866	0.4663006663322449	3.0
PILOT-2015006603	G	1	PILOT-2016000618	0.4386523365974426	3.0
PILOT-2015006603	G	2	PILOT-2017000186	0.5950082540512085	3.0
PILOT-2015006603	H	0	PILOT-2018008647	0.8262801170349121	1.0
PILOT-2015006603	H	1	PILOT-2014002772	0.8262085914611816	1.0
PILOT-2015006603	H	2	PILOT-2013007939	0.8185545206069946	0.5
