file	case	cond	rep	c1	c1_recall	c1_prec	c1_f1	n_claims	skipped_no_gen	skipped_no_rejected	reason
PILOT-2014009970__F__gpt4o-mini__rep0.json	PILOT-2014009970	F	0	0.055	0.4042	0.0588	0.0999	8	1	0	
PILOT-2014009970__F__gpt5-mini__rep0.json	PILOT-2014009970	F	0	0.0	0.0	0.0	0.0	9	0	0	
PILOT-2014009970__F__gpt5.4__rep0.json	PILOT-2014009970	F	0	0.0	0.0	0.0	0.0	8	1	0	
PILOT-2014009970__F__haiku4.5__rep0.json	PILOT-2014009970	F	0	0.0085	0.0278	0.0111	0.0159	9	0	0	
PILOT-2014009970__F__sonnet4__rep0.json	PILOT-2014009970	F	0	0.0	0.0	0.0	0.0	9	0	0	
PILOT-2014009970__G__gpt4o-mini__rep0.json	PILOT-2014009970	G	0	0.0	0.0	0.0	0.0	3	6	0	
PILOT-2014009970__G__gpt5-mini__rep0.json	PILOT-2014009970	G	0	0.0	0.0	0.0	0.0	9	0	0	
PILOT-2014009970__G__gpt5.4__rep0.json	PILOT-2014009970	G	0	0.0	0.0	0.0	0.0	9	0	0	
PILOT-2014009970__G__haiku4.5__rep0.json	PILOT-2014009970	G	0	0.0	0.0	0.0	0.0	9	0	0	
PILOT-2014009970__G__sonnet4__rep0.json	PILOT-2014009970	G	0	0.0202	0.0278	0.0444	0.0342	9	0	0	
PILOT-2014009970__baseline__gpt4o-mini__rep0.json	PILOT-2014009970	baseline	0	0.0333	0.0417	0.0833	0.0555	6	3	0	
PILOT-2014009970__baseline__gpt5-mini__rep0.json	PILOT-2014009970	baseline	0	0.0	0.0	0.0	0.0	9	0	0	
PILOT-2014009970__baseline__gpt5.4__rep0.json	PILOT-2014009970	baseline	0	0.0	0.0	0.0	0.0	7	2	0	
PILOT-2014009970__baseline__haiku4.5__rep0.json	PILOT-2014009970	baseline	0	0.0	0.0	0.0	0.0	9	0	0	
PILOT-2014009970__baseline__sonnet4__rep0.json	PILOT-2014009970	baseline	0	0.0	0.0	0.0	0.0	9	0	0	
PILOT-2017000071__F__gpt4o-mini__rep0.json	PILOT-2017000071	F	0	None							no_baseline
PILOT-2017000071__F__gpt5-mini__rep0.json	PILOT-2017000071	F	0	None							no_baseline
PILOT-2017000071__F__gpt5.4__rep0.json	PILOT-2017000071	F	0	None							no_baseline
PILOT-2017000071__F__haiku4.5__rep0.json	PILOT-2017000071	F	0	None							no_baseline
PILOT-2017000071__F__sonnet4__rep0.json	PILOT-2017000071	F	0	None							no_baseline
PILOT-2017000071__G__gpt4o-mini__rep0.json	PILOT-2017000071	G	0	None							no_baseline
PILOT-2017000071__G__gpt5-mini__rep0.json	PILOT-2017000071	G	0	None							no_baseline
PILOT-2017000071__G__gpt5.4__rep0.json	PILOT-2017000071	G	0	None							no_baseline
PILOT-2017000071__G__haiku4.5__rep0.json	PILOT-2017000071	G	0	None							no_baseline
PILOT-2017000071__G__sonnet4__rep0.json	PILOT-2017000071	G	0	None							no_baseline
PILOT-2017000071__baseline__gpt4o-mini__rep0.json	PILOT-2017000071	baseline	0	None							no_baseline
PILOT-2017000071__baseline__gpt5-mini__rep0.json	PILOT-2017000071	baseline	0	None							no_baseline
PILOT-2017000071__baseline__gpt5.4__rep0.json	PILOT-2017000071	baseline	0	None							no_baseline
PILOT-2017000071__baseline__haiku4.5__rep0.json	PILOT-2017000071	baseline	0	None							no_baseline
PILOT-2017000071__baseline__sonnet4__rep0.json	PILOT-2017000071	baseline	0	None							no_baseline
PILOT-2017001422__F__gpt4o-mini__rep0.json	PILOT-2017001422	F	0	0.0	0.0	0.0	0.0	2	0	0	
PILOT-2017001422__F__gpt5-mini__rep0.json	PILOT-2017001422	F	0	0.1111	0.3333	0.125	0.1818	2	0	0	
PILOT-2017001422__F__gpt5.4__rep0.json	PILOT-2017001422	F	0	0.0	0.0	0.0	0.0	2	0	0	
PILOT-2017001422__F__haiku4.5__rep0.json	PILOT-2017001422	F	0	0.0	0.0	0.0	0.0	2	0	0	
PILOT-2017001422__F__sonnet4__rep0.json	PILOT-2017001422	F	0	0.0	0.0	0.0	0.0	2	0	0	
PILOT-2017001422__G__gpt4o-mini__rep0.json	PILOT-2017001422	G	0	0.0	0.0	0.0	0.0	2	0	0	
PILOT-2017001422__G__gpt5-mini__rep0.json	PILOT-2017001422	G	0	0.1818	0.6667	0.2	0.3077	1	1	0	
PILOT-2017001422__G__gpt5.4__rep0.json	PILOT-2017001422	G	0	0.0	0.0	0.0	0.0	2	0	0	
PILOT-2017001422__G__haiku4.5__rep0.json	PILOT-2017001422	G	0	0.0	0.0	0.0	0.0	2	0	0	
PILOT-2017001422__G__sonnet4__rep0.json	PILOT-2017001422	G	0	0.0	0.0	0.0	0.0	2	0	0	
PILOT-2017001422__baseline__gpt4o-mini__rep0.json	PILOT-2017001422	baseline	0	0.0	0.0	0.0	0.0	2	0	0	
PILOT-2017001422__baseline__gpt5-mini__rep0.json	PILOT-2017001422	baseline	0	None	None	None	None	0	2	0	no_aligned_claims
PILOT-2017001422__baseline__gpt5.4__rep0.json	PILOT-2017001422	baseline	0	0.0	0.0	0.0	0.0	2	0	0	
PILOT-2017001422__baseline__haiku4.5__rep0.json	PILOT-2017001422	baseline	0	0.0	0.0	0.0	0.0	2	0	0	
PILOT-2017001422__baseline__sonnet4__rep0.json	PILOT-2017001422	baseline	0	0.0	0.0	0.0	0.0	2	0	0	
PILOT-2017003676__F__gpt4o-mini__rep0.json	PILOT-2017003676	F	0	0.0872	0.2093	0.1632	0.1433	7	12	0	
PILOT-2017003676__F__gpt5-mini__rep0.json	PILOT-2017003676	F	0	0.0079	0.0113	0.0175	0.0137	19	0	0	
PILOT-2017003676__F__gpt5.4__rep0.json	PILOT-2017003676	F	0	0.0202	0.0332	0.0427	0.0363	14	5	0	
PILOT-2017003676__F__haiku4.5__rep0.json	PILOT-2017003676	F	0	0.0141	0.0245	0.0297	0.0257	19	0	0	
PILOT-2017003676__F__sonnet4__rep0.json	PILOT-2017003676	F	0	0.0106	0.0149	0.0263	0.0189	19	0	0	
PILOT-2017003676__G__gpt4o-mini__rep0.json	PILOT-2017003676	G	0	0.0385	0.0805	0.0691	0.0712	8	11	0	
PILOT-2017003676__G__gpt5-mini__rep0.json	PILOT-2017003676	G	0	0.0024	0.0036	0.0062	0.0046	19	0	0	
PILOT-2017003676__G__gpt5.4__rep0.json	PILOT-2017003676	G	0	0.0297	0.0497	0.0602	0.0532	11	8	0	
PILOT-2017003676__G__haiku4.5__rep0.json	PILOT-2017003676	G	0	0.0094	0.0185	0.0171	0.0173	19	0	0	
PILOT-2017003676__G__sonnet4__rep0.json	PILOT-2017003676	G	0	0.0108	0.0149	0.0292	0.0193	19	0	0	
PILOT-2017003676__baseline__gpt4o-mini__rep0.json	PILOT-2017003676	baseline	0	0.0479	0.0805	0.11	0.0868	8	11	0	
PILOT-2017003676__baseline__gpt5-mini__rep0.json	PILOT-2017003676	baseline	0	None	None	None	None	0	19	0	no_aligned_claims
PILOT-2017003676__baseline__gpt5.4__rep0.json	PILOT-2017003676	baseline	0	0.0295	0.0464	0.0793	0.052	13	6	0	
PILOT-2017003676__baseline__haiku4.5__rep0.json	PILOT-2017003676	baseline	0	0.1165	0.2769	0.1535	0.1883	18	1	0	
PILOT-2017003676__baseline__sonnet4__rep0.json	PILOT-2017003676	baseline	0	0.0101	0.023	0.0163	0.0191	6	13	0	
PILOT-2017005259__F__gpt4o-mini__rep0.json	PILOT-2017005259	F	0	0.0	0.0	0.0	0.0	4	8	0	
PILOT-2017005259__F__gpt5-mini__rep0.json	PILOT-2017005259	F	0	0.0	0.0	0.0	0.0	12	0	0	
PILOT-2017005259__F__gpt5.4__rep0.json	PILOT-2017005259	F	0	0.0	0.0	0.0	0.0	12	0	0	
PILOT-2017005259__F__haiku4.5__rep0.json	PILOT-2017005259	F	0	0.0	0.0	0.0	0.0	12	0	0	
PILOT-2017005259__F__sonnet4__rep0.json	PILOT-2017005259	F	0	0.0338	0.041	0.127	0.0613	12	0	0	
PILOT-2017005259__G__gpt4o-mini__rep0.json	PILOT-2017005259	G	0	0.0278	0.0466	0.0625	0.0495	8	4	0	
PILOT-2017005259__G__gpt5-mini__rep0.json	PILOT-2017005259	G	0	0.0	0.0	0.0	0.0	12	0	0	
PILOT-2017005259__G__gpt5.4__rep0.json	PILOT-2017005259	G	0	0.054	0.0891	0.0916	0.0886	10	2	0	
PILOT-2017005259__G__haiku4.5__rep0.json	PILOT-2017005259	G	0	0.0	0.0	0.0	0.0	12	0	0	
PILOT-2017005259__G__sonnet4__rep0.json	PILOT-2017005259	G	0	0.053	0.0674	0.125	0.0875	12	0	0	
PILOT-2017005259__baseline__gpt4o-mini__rep0.json	PILOT-2017005259	baseline	0	0.0262	0.0466	0.0556	0.0469	8	4	0	
PILOT-2017005259__baseline__gpt5-mini__rep0.json	PILOT-2017005259	baseline	0	0.0	0.0	0.0	0.0	12	0	0	
PILOT-2017005259__baseline__gpt5.4__rep0.json	PILOT-2017005259	baseline	0	0.0	0.0	0.0	0.0	12	0	0	
PILOT-2017005259__baseline__haiku4.5__rep0.json	PILOT-2017005259	baseline	0	0.0042	0.0114	0.0063	0.008	12	0	0	
PILOT-2017005259__baseline__sonnet4__rep0.json	PILOT-2017005259	baseline	0	0.0	0.0	0.0	0.0	12	0	0	
PILOT-2017005493__F__gpt4o-mini__rep0.json	PILOT-2017005493	F	0	0.02	0.0444	0.0308	0.0364	5	15	0	
PILOT-2017005493__F__gpt5-mini__rep0.json	PILOT-2017005493	F	0	None	None	None	None	0	20	0	no_aligned_claims
PILOT-2017005493__F__gpt5.4__rep0.json	PILOT-2017005493	F	0	0.0123	0.025	0.0203	0.0217	20	0	0	
PILOT-2017005493__F__haiku4.5__rep0.json	PILOT-2017005493	F	0	0.0081	0.0179	0.0138	0.0144	20	0	0	
PILOT-2017005493__F__sonnet4__rep0.json	PILOT-2017005493	F	0	0.0383	0.0653	0.0679	0.0616	20	0	0	
PILOT-2017005493__G__gpt4o-mini__rep0.json	PILOT-2017005493	G	0	0.0476	0.0794	0.0649	0.0714	7	13	0	
PILOT-2017005493__G__gpt5-mini__rep0.json	PILOT-2017005493	G	0	None	None	None	None	0	20	0	no_aligned_claims
PILOT-2017005493__G__gpt5.4__rep0.json	PILOT-2017005493	G	0	0.0048	0.0125	0.0068	0.0088	20	0	0	
PILOT-2017005493__G__haiku4.5__rep0.json	PILOT-2017005493	G	0	0.0647	0.1788	0.1046	0.1103	10	10	0	
PILOT-2017005493__G__sonnet4__rep0.json	PILOT-2017005493	G	0	0.0117	0.0147	0.0316	0.0199	19	1	0	
PILOT-2017005493__baseline__gpt4o-mini__rep0.json	PILOT-2017005493	baseline	0	0.0863	0.1476	0.1136	0.1283	8	12	0	
PILOT-2017005493__baseline__gpt5-mini__rep0.json	PILOT-2017005493	baseline	0	None	None	None	None	0	20	0	no_aligned_claims
PILOT-2017005493__baseline__gpt5.4__rep0.json	PILOT-2017005493	baseline	0	0.01	0.025	0.0125	0.0167	20	0	0	
PILOT-2017005493__baseline__haiku4.5__rep0.json	PILOT-2017005493	baseline	0	0.0235	0.0514	0.0393	0.0417	20	0	0	
PILOT-2017005493__baseline__sonnet4__rep0.json	PILOT-2017005493	baseline	0	0.0106	0.0132	0.0279	0.0178	20	0	0	
PILOT-2017010632__F__gpt4o-mini__rep0.json	PILOT-2017010632	F	0	0.177	0.4559	0.2624	0.2974	2	0	0	
PILOT-2017010632__F__gpt5-mini__rep0.json	PILOT-2017010632	F	0	None	None	None	None	0	2	0	no_aligned_claims
PILOT-2017010632__F__gpt5.4__rep0.json	PILOT-2017010632	F	0	0.0601	0.275	0.0667	0.1073	2	0	0	
PILOT-2017010632__F__haiku4.5__rep0.json	PILOT-2017010632	F	0	0.0977	0.3069	0.2912	0.1758	2	0	0	
PILOT-2017010632__F__sonnet4__rep0.json	PILOT-2017010632	F	0	0.064	0.275	0.0714	0.1134	2	0	0	
PILOT-2017010632__G__gpt4o-mini__rep0.json	PILOT-2017010632	G	0	0.0858	0.3069	0.1279	0.1552	2	0	0	
PILOT-2017010632__G__gpt5-mini__rep0.json	PILOT-2017010632	G	0	0.051	0.275	0.0556	0.0925	2	0	0	
PILOT-2017010632__G__gpt5.4__rep0.json	PILOT-2017010632	G	0	0.0651	0.275	0.0728	0.1152	2	0	0	
PILOT-2017010632__G__haiku4.5__rep0.json	PILOT-2017010632	G	0	0.153	0.254	0.2682	0.2451	2	0	0	
PILOT-2017010632__G__sonnet4__rep0.json	PILOT-2017010632	G	0	0.0901	0.2963	0.2463	0.1613	2	0	0	
PILOT-2017010632__baseline__gpt4o-mini__rep0.json	PILOT-2017010632	baseline	0	None	None	None	None	0	2	0	no_aligned_claims
PILOT-2017010632__baseline__gpt5-mini__rep0.json	PILOT-2017010632	baseline	0	None	None	None	None	0	2	0	no_aligned_claims
PILOT-2017010632__baseline__gpt5.4__rep0.json	PILOT-2017010632	baseline	0	0.0614	0.275	0.0683	0.1095	2	0	0	
PILOT-2017010632__baseline__haiku4.5__rep0.json	PILOT-2017010632	baseline	0	0.0856	0.2963	0.1538	0.1535	2	0	0	
PILOT-2017010632__baseline__sonnet4__rep0.json	PILOT-2017010632	baseline	0	0.0901	0.2963	0.2463	0.1613	2	0	0	
PILOT-2018001232__F__gpt4o-mini__rep0.json	PILOT-2018001232	F	0	0.0	0.0	0.0	0.0	1	15	0	
PILOT-2018001232__F__gpt5-mini__rep0.json	PILOT-2018001232	F	0	0.0028	0.0042	0.0078	0.0055	16	0	0	
PILOT-2018001232__F__gpt5.4__rep0.json	PILOT-2018001232	F	0	0.0	0.0	0.0	0.0	16	0	0	
PILOT-2018001232__F__haiku4.5__rep0.json	PILOT-2018001232	F	0	0.0031	0.0042	0.0101	0.006	16	0	0	
PILOT-2018001232__F__sonnet4__rep0.json	PILOT-2018001232	F	0	0.0012	0.0018	0.0031	0.0023	16	0	0	
PILOT-2018001232__G__gpt4o-mini__rep0.json	PILOT-2018001232	G	0	0.0	0.0	0.0	0.0	1	15	0	
PILOT-2018001232__G__gpt5-mini__rep0.json	PILOT-2018001232	G	0	0.0	0.0	0.0	0.0	16	0	0	
PILOT-2018001232__G__gpt5.4__rep0.json	PILOT-2018001232	G	0	0.0047	0.012	0.0069	0.0088	16	0	0	
PILOT-2018001232__G__haiku4.5__rep0.json	PILOT-2018001232	G	0	0.0008	0.0018	0.0015	0.0017	16	0	0	
PILOT-2018001232__G__sonnet4__rep0.json	PILOT-2018001232	G	0	0.0	0.0	0.0	0.0	16	0	0	
PILOT-2018001232__baseline__gpt4o-mini__rep0.json	PILOT-2018001232	baseline	0	0.0	0.0	0.0	0.0	1	15	0	
PILOT-2018001232__baseline__gpt5-mini__rep0.json	PILOT-2018001232	baseline	0	0.0	0.0	0.0	0.0	16	0	0	
PILOT-2018001232__baseline__gpt5.4__rep0.json	PILOT-2018001232	baseline	0	0.0027	0.0048	0.0057	0.0052	16	0	0	
PILOT-2018001232__baseline__haiku4.5__rep0.json	PILOT-2018001232	baseline	0	0.0194	0.0369	0.0381	0.037	13	3	0	
PILOT-2018001232__baseline__sonnet4__rep0.json	PILOT-2018001232	baseline	0	0.0012	0.0018	0.0031	0.0023	16	0	0	
PILOT-2018005420__F__gpt4o-mini__rep0.json	PILOT-2018005420	F	0	0.032	0.038	0.2145	0.0596	6	19	0	
PILOT-2018005420__F__gpt5-mini__rep0.json	PILOT-2018005420	F	0	None	None	None	None	0	25	0	no_aligned_claims
PILOT-2018005420__F__gpt5.4__rep0.json	PILOT-2018005420	F	0	0.0499	0.0809	0.1193	0.0898	25	0	0	
PILOT-2018005420__F__haiku4.5__rep0.json	PILOT-2018005420	F	0	0.0095	0.0185	0.0212	0.0175	20	5	0	
PILOT-2018005420__F__sonnet4__rep0.json	PILOT-2018005420	F	0	0.0257	0.0407	0.0892	0.048	25	0	0	
PILOT-2018005420__G__gpt4o-mini__rep0.json	PILOT-2018005420	G	0	0.0036	0.0045	0.0162	0.0069	25	0	0	
PILOT-2018005420__G__gpt5-mini__rep0.json	PILOT-2018005420	G	0	None	None	None	None	0	25	0	no_aligned_claims
PILOT-2018005420__G__gpt5.4__rep0.json	PILOT-2018005420	G	0	0.0505	0.0809	0.1296	0.0909	25	0	0	
PILOT-2018005420__G__haiku4.5__rep0.json	PILOT-2018005420	G	0	0.053	0.0817	0.1451	0.095	25	0	0	
PILOT-2018005420__G__sonnet4__rep0.json	PILOT-2018005420	G	0	0.0209	0.0329	0.0658	0.039	25	0	0	
PILOT-2018005420__baseline__gpt4o-mini__rep0.json	PILOT-2018005420	baseline	0	0.0524	0.0809	0.1517	0.0941	25	0	0	
PILOT-2018005420__baseline__gpt5-mini__rep0.json	PILOT-2018005420	baseline	0	None	None	None	None	0	25	0	no_aligned_claims
PILOT-2018005420__baseline__gpt5.4__rep0.json	PILOT-2018005420	baseline	0	0.0524	0.0809	0.1517	0.0941	25	0	0	
PILOT-2018005420__baseline__haiku4.5__rep0.json	PILOT-2018005420	baseline	0	0.0515	0.0799	0.1478	0.0923	25	0	0	
PILOT-2018005420__baseline__sonnet4__rep0.json	PILOT-2018005420	baseline	0	0.0318	0.0521	0.0954	0.0593	25	0	0	
PILOT-2018005863__F__gpt4o-mini__rep0.json	PILOT-2018005863	F	0	0.009	0.0104	0.0666	0.0171	23	2	0	
PILOT-2018005863__F__gpt5-mini__rep0.json	PILOT-2018005863	F	0	None	None	None	None	0	25	0	no_aligned_claims
PILOT-2018005863__F__gpt5.4__rep0.json	PILOT-2018005863	F	0	0.0093	0.0128	0.0545	0.0175	25	0	0	
PILOT-2018005863__F__haiku4.5__rep0.json	PILOT-2018005863	F	0	0.012	0.0154	0.0829	0.0227	25	0	0	
PILOT-2018005863__F__sonnet4__rep0.json	PILOT-2018005863	F	0	0.0065	0.0081	0.0537	0.0124	25	0	0	
PILOT-2018005863__G__gpt4o-mini__rep0.json	PILOT-2018005863	G	0	0.0283	0.0332	0.1162	0.0513	11	14	0	
PILOT-2018005863__G__gpt5-mini__rep0.json	PILOT-2018005863	G	0	None	None	None	None	0	25	0	no_aligned_claims
PILOT-2018005863__G__gpt5.4__rep0.json	PILOT-2018005863	G	0	0.0088	0.0099	0.0828	0.0165	21	4	0	
PILOT-2018005863__G__haiku4.5__rep0.json	PILOT-2018005863	G	0	0.0157	0.02	0.1034	0.0297	25	0	0	
PILOT-2018005863__G__sonnet4__rep0.json	PILOT-2018005863	G	0	0.0062	0.0076	0.0509	0.0116	25	0	0	
PILOT-2018005863__baseline__gpt4o-mini__rep0.json	PILOT-2018005863	baseline	0	0.0216	0.0228	0.2071	0.0407	7	18	0	
PILOT-2018005863__baseline__gpt5-mini__rep0.json	PILOT-2018005863	baseline	0	None	None	None	None	0	25	0	no_aligned_claims
PILOT-2018005863__baseline__gpt5.4__rep0.json	PILOT-2018005863	baseline	0	0.0105	0.0124	0.0803	0.0198	25	0	0	
PILOT-2018005863__baseline__haiku4.5__rep0.json	PILOT-2018005863	baseline	0	0.0195	0.0271	0.1018	0.0369	25	0	0	
PILOT-2018005863__baseline__sonnet4__rep0.json	PILOT-2018005863	baseline	0	0.0098	0.0122	0.0601	0.0179	25	0	0	
