file	case	cond	rep	c3	c3_recall	c3_prec	c3_f1	n_claims	reason
PILOT-2014009970__baseline__gpt5.4__rep0.json	PILOT-2014009970	baseline	0	0.8771	0.9952	0.8794	0.9245	9	
PILOT-2017000071__baseline__gpt5.4__rep0.json	PILOT-2017000071	baseline	0	0.9478	0.9716	0.9762	0.9718	7	
PILOT-2017001422__baseline__gpt5.4__rep0.json	PILOT-2017001422	baseline	0	0.7735	0.9527	0.8161	0.8635	8	
PILOT-2017003676__baseline__gpt5.4__rep0.json	PILOT-2017003676	baseline	0	0.6946	0.8738	0.7855	0.7935	12	
PILOT-2017005259__baseline__gpt5.4__rep0.json	PILOT-2017005259	baseline	0	0.9679	1.0	0.9679	0.9819	14	
PILOT-2017005493__baseline__gpt5.4__rep0.json	PILOT-2017005493	baseline	0	0.9204	0.9901	0.9266	0.9527	20	
PILOT-2017010632__baseline__gpt5.4__rep0.json	PILOT-2017010632	baseline	0	0.9478	0.9646	0.9615	0.9601	19	
PILOT-2018001232__baseline__gpt5.4__rep0.json	PILOT-2018001232	baseline	0	0.8242	0.8565	0.9637	0.901	20	
PILOT-2018005420__baseline__gpt5.4__rep0.json	PILOT-2018005420	baseline	0	0.7593	0.8341	0.8995	0.8589	25	
PILOT-2018005863__baseline__gpt5.4__rep0.json	PILOT-2018005863	baseline	0	0.9261	0.9631	0.9614	0.9598	25	
