file	case	cond	rep	n_claims_parsed	amended_or_new	total_additions	total_deletions	addition_chars	deletion_chars	plain_body_chars_mean	status_original	status_currently_amended	status_previously_presented	status_cancelled	status_new	status_withdrawn	status_unknown
PILOT-2014009970__F__gpt4o-mini__rep0.json	PILOT-2014009970	F	0	8	1	0	0	0	0	304	0	8	0	0	0	0	0
PILOT-2014009970__F__gpt5-mini__rep0.json	PILOT-2014009970	F	0	9	1	1	1	540	137	280	0	1	8	0	0	0	0
PILOT-2014009970__F__gpt5.4__rep0.json	PILOT-2014009970	F	0	9	1	5	1	850	7	318	0	6	2	1	0	0	0
PILOT-2014009970__F__haiku4.5__rep0.json	PILOT-2014009970	F	0	9	1	9	0	1205	0	369	0	9	0	0	0	0	0
PILOT-2014009970__F__sonnet4__rep0.json	PILOT-2014009970	F	0	9	1	2	1	178	1	256	7	2	0	0	0	0	0
PILOT-2014009970__G__gpt4o-mini__rep0.json	PILOT-2014009970	G	0	3	1	0	0	0	0	450	0	3	0	0	0	0	0
PILOT-2014009970__G__gpt5-mini__rep0.json	PILOT-2014009970	G	0	9	1	1	0	615	0	306	0	1	8	0	0	0	0
PILOT-2014009970__G__gpt5.4__rep0.json	PILOT-2014009970	G	0	9	1	4	1	487	7	289	0	6	3	0	0	0	0
PILOT-2014009970__G__haiku4.5__rep0.json	PILOT-2014009970	G	0	9	1	7	0	1035	0	351	3	6	0	0	0	0	0
PILOT-2014009970__G__sonnet4__rep0.json	PILOT-2014009970	G	0	9	1	3	0	120	0	249	6	3	0	0	0	0	0
PILOT-2014009970__baseline__gpt4o-mini__rep0.json	PILOT-2014009970	baseline	0	6	1	5	0	242	0	344	0	6	0	0	0	0	0
PILOT-2014009970__baseline__gpt5-mini__rep0.json	PILOT-2014009970	baseline	0	9	1	1	0	430	0	284	0	1	8	0	0	0	0
PILOT-2014009970__baseline__gpt5.4__rep0.json	PILOT-2014009970	baseline	0	9	1	3	1	613	7	263	0	5	2	2	0	0	0
PILOT-2014009970__baseline__haiku4.5__rep0.json	PILOT-2014009970	baseline	0	9	1	7	0	849	0	332	0	7	2	0	0	0	0
PILOT-2014009970__baseline__sonnet4__rep0.json	PILOT-2014009970	baseline	0	9	1	2	1	253	1	264	7	2	0	0	0	0	0
PILOT-2017000071__F__gpt4o-mini__rep0.json	PILOT-2017000071	F	0	7	1	0	0	0	0	578	0	7	0	0	0	0	0
PILOT-2017000071__F__gpt5-mini__rep0.json	PILOT-2017000071	F	0	7	1	3	3	770	795	593	3	4	0	0	0	0	0
PILOT-2017000071__F__gpt5.4__rep0.json	PILOT-2017000071	F	0	7	1	6	5	224	70	601	0	2	5	0	0	0	0
PILOT-2017000071__F__haiku4.5__rep0.json	PILOT-2017000071	F	0	7	1	0	0	0	0	576	3	4	0	0	0	0	0
PILOT-2017000071__F__sonnet4__rep0.json	PILOT-2017000071	F	0	7	1	3	0	282	0	556	2	1	2	2	0	0	0
PILOT-2017000071__G__gpt4o-mini__rep0.json	PILOT-2017000071	G	0	7	1	0	0	0	0	578	0	7	0	0	0	0	0
PILOT-2017000071__G__gpt5-mini__rep0.json	PILOT-2017000071	G	0	0	0	0	0	0	0	0	0	0	0	0	0	0	0
PILOT-2017000071__G__gpt5.4__rep0.json	PILOT-2017000071	G	0	7	1	3	2	246	32	609	0	2	5	0	0	0	0
PILOT-2017000071__G__haiku4.5__rep0.json	PILOT-2017000071	G	0	7	1	5	0	712	0	589	0	5	0	2	0	0	0
PILOT-2017000071__G__sonnet4__rep0.json	PILOT-2017000071	G	0	7	1	4	0	185	0	599	0	2	5	0	0	0	0
PILOT-2017000071__baseline__gpt4o-mini__rep0.json	PILOT-2017000071	baseline	0	7	1	0	0	0	0	578	0	7	0	0	0	0	0
PILOT-2017000071__baseline__gpt5-mini__rep0.json	PILOT-2017000071	baseline	0	7	1	7	5	345	228	596	2	5	0	0	0	0	0
PILOT-2017000071__baseline__gpt5.4__rep0.json	PILOT-2017000071	baseline	0	7	1	4	3	296	62	612	0	3	4	0	0	0	0
PILOT-2017000071__baseline__haiku4.5__rep0.json	PILOT-2017000071	baseline	0	7	1	7	0	708	0	674	0	7	0	0	0	0	0
PILOT-2017000071__baseline__sonnet4__rep0.json	PILOT-2017000071	baseline	0	7	1	2	0	123	0	534	2	3	0	2	0	0	0
PILOT-2017001422__F__gpt4o-mini__rep0.json	PILOT-2017001422	F	0	5	1	2	0	181	0	274	0	5	0	0	0	0	0
PILOT-2017001422__F__gpt5-mini__rep0.json	PILOT-2017001422	F	0	8	1	1	2	10	5	227	6	2	0	0	0	0	0
PILOT-2017001422__F__gpt5.4__rep0.json	PILOT-2017001422	F	0	8	1	2	3	207	166	220	0	6	2	0	0	0	0
PILOT-2017001422__F__haiku4.5__rep0.json	PILOT-2017001422	F	0	8	1	8	0	516	0	274	1	7	0	0	0	0	0
PILOT-2017001422__F__sonnet4__rep0.json	PILOT-2017001422	F	0	8	1	7	0	310	0	240	0	7	0	1	0	0	0
PILOT-2017001422__G__gpt4o-mini__rep0.json	PILOT-2017001422	G	0	5	1	5	0	493	0	316	0	5	0	0	0	0	0
PILOT-2017001422__G__gpt5-mini__rep0.json	PILOT-2017001422	G	0	8	1	1	1	13	11	36	1	1	0	6	0	0	0
PILOT-2017001422__G__gpt5.4__rep0.json	PILOT-2017001422	G	0	8	1	3	3	336	172	236	0	8	0	0	0	0	0
PILOT-2017001422__G__haiku4.5__rep0.json	PILOT-2017001422	G	0	7	1	7	0	417	0	285	0	7	0	0	0	0	0
PILOT-2017001422__G__sonnet4__rep0.json	PILOT-2017001422	G	0	8	1	7	0	220	0	244	1	7	0	0	0	0	0
PILOT-2017001422__baseline__gpt4o-mini__rep0.json	PILOT-2017001422	baseline	0	6	1	6	0	396	0	258	0	6	0	0	0	0	0
PILOT-2017001422__baseline__gpt5-mini__rep0.json	PILOT-2017001422	baseline	0	0	0	0	0	0	0	0	0	0	0	0	0	0	0
PILOT-2017001422__baseline__gpt5.4__rep0.json	PILOT-2017001422	baseline	0	8	1	4	3	220	92	232	0	8	0	0	0	0	0
PILOT-2017001422__baseline__haiku4.5__rep0.json	PILOT-2017001422	baseline	0	8	1	7	0	276	0	253	0	7	1	0	0	0	0
PILOT-2017001422__baseline__sonnet4__rep0.json	PILOT-2017001422	baseline	0	8	1	7	0	319	0	240	0	7	0	1	0	0	0
PILOT-2017003676__F__gpt4o-mini__rep0.json	PILOT-2017003676	F	0	7	1	0	0	0	0	152	0	7	0	0	0	0	0
PILOT-2017003676__F__gpt5-mini__rep0.json	PILOT-2017003676	F	0	19	1	1	1	156	34	133	17	2	0	0	0	0	0
PILOT-2017003676__F__gpt5.4__rep0.json	PILOT-2017003676	F	0	19	1	10	0	380	0	123	0	8	6	5	0	0	0
PILOT-2017003676__F__haiku4.5__rep0.json	PILOT-2017003676	F	0	19	1	17	0	673	0	161	3	16	0	0	0	0	0
PILOT-2017003676__F__sonnet4__rep0.json	PILOT-2017003676	F	0	19	1	8	2	329	40	142	10	9	0	0	0	0	0
PILOT-2017003676__G__gpt4o-mini__rep0.json	PILOT-2017003676	G	0	8	1	0	0	0	0	168	0	8	0	0	0	0	0
PILOT-2017003676__G__gpt5-mini__rep0.json	PILOT-2017003676	G	0	19	1	1	0	124	0	136	18	1	0	0	0	0	0
PILOT-2017003676__G__gpt5.4__rep0.json	PILOT-2017003676	G	0	19	1	7	5	194	49	95	0	5	6	8	0	0	0
PILOT-2017003676__G__haiku4.5__rep0.json	PILOT-2017003676	G	0	19	1	14	0	735	0	164	6	13	0	0	0	0	0
PILOT-2017003676__G__sonnet4__rep0.json	PILOT-2017003676	G	0	19	1	8	1	300	34	140	0	9	10	0	0	0	0
PILOT-2017003676__baseline__gpt4o-mini__rep0.json	PILOT-2017003676	baseline	0	8	1	0	0	0	0	155	0	8	0	0	0	0	0
PILOT-2017003676__baseline__gpt5-mini__rep0.json	PILOT-2017003676	baseline	0	0	0	0	0	0	0	0	0	0	0	0	0	0	0
PILOT-2017003676__baseline__gpt5.4__rep0.json	PILOT-2017003676	baseline	0	19	1	9	0	344	0	114	0	6	7	6	0	0	0
PILOT-2017003676__baseline__haiku4.5__rep0.json	PILOT-2017003676	baseline	0	19	1	20	0	1397	0	157	0	18	0	1	0	0	0
PILOT-2017003676__baseline__sonnet4__rep0.json	PILOT-2017003676	baseline	0	19	1	3	0	209	0	71	5	1	0	13	0	0	0
PILOT-2017005259__F__gpt4o-mini__rep0.json	PILOT-2017005259	F	0	4	1	3	0	21	0	268	0	4	0	0	0	0	0
PILOT-2017005259__F__gpt5-mini__rep0.json	PILOT-2017005259	F	0	14	1	2	0	151	0	168	0	2	12	0	0	0	0
PILOT-2017005259__F__gpt5.4__rep0.json	PILOT-2017005259	F	0	14	1	2	1	146	5	167	0	12	2	0	0	0	0
PILOT-2017005259__F__haiku4.5__rep0.json	PILOT-2017005259	F	0	14	1	8	0	666	0	205	0	8	6	0	0	0	0
PILOT-2017005259__F__sonnet4__rep0.json	PILOT-2017005259	F	0	14	1	10	0	82	0	160	0	10	4	0	0	0	0
PILOT-2017005259__G__gpt4o-mini__rep0.json	PILOT-2017005259	G	0	8	1	2	0	70	0	197	0	8	0	0	0	0	0
PILOT-2017005259__G__gpt5-mini__rep0.json	PILOT-2017005259	G	0	14	1	2	2	148	56	163	0	2	12	0	0	0	0
PILOT-2017005259__G__gpt5.4__rep0.json	PILOT-2017005259	G	0	14	1	7	2	290	68	158	2	6	4	2	0	0	0
PILOT-2017005259__G__haiku4.5__rep0.json	PILOT-2017005259	G	0	14	1	8	0	721	0	207	2	8	4	0	0	0	0
PILOT-2017005259__G__sonnet4__rep0.json	PILOT-2017005259	G	0	14	1	12	3	432	34	185	2	12	0	0	0	0	0
PILOT-2017005259__baseline__gpt4o-mini__rep0.json	PILOT-2017005259	baseline	0	8	1	2	0	68	0	197	0	8	0	0	0	0	0
PILOT-2017005259__baseline__gpt5-mini__rep0.json	PILOT-2017005259	baseline	0	14	1	2	0	150	0	167	12	2	0	0	0	0	0
PILOT-2017005259__baseline__gpt5.4__rep0.json	PILOT-2017005259	baseline	0	14	1	2	0	146	0	167	0	2	12	0	0	0	0
PILOT-2017005259__baseline__haiku4.5__rep0.json	PILOT-2017005259	baseline	0	14	1	8	0	707	0	276	0	10	4	0	0	0	0
PILOT-2017005259__baseline__sonnet4__rep0.json	PILOT-2017005259	baseline	0	14	1	12	0	900	0	222	2	12	0	0	0	0	0
PILOT-2017005493__F__gpt4o-mini__rep0.json	PILOT-2017005493	F	0	5	1	0	0	0	0	324	0	5	0	0	0	0	0
PILOT-2017005493__F__gpt5-mini__rep0.json	PILOT-2017005493	F	0	0	0	0	0	0	0	0	0	0	0	0	0	0	0
PILOT-2017005493__F__gpt5.4__rep0.json	PILOT-2017005493	F	0	20	1	11	3	1033	5	204	0	18	2	0	0	0	0
PILOT-2017005493__F__haiku4.5__rep0.json	PILOT-2017005493	F	0	20	1	12	0	1074	0	202	8	12	0	0	0	0	0
PILOT-2017005493__F__sonnet4__rep0.json	PILOT-2017005493	F	0	20	1	9	0	547	0	174	0	7	13	0	0	0	0
PILOT-2017005493__G__gpt4o-mini__rep0.json	PILOT-2017005493	G	0	7	1	0	0	0	0	182	0	7	0	0	0	0	0
PILOT-2017005493__G__gpt5-mini__rep0.json	PILOT-2017005493	G	0	0	0	0	0	0	0	0	0	0	0	0	0	0	0
PILOT-2017005493__G__gpt5.4__rep0.json	PILOT-2017005493	G	0	20	1	10	3	958	5	200	0	17	3	0	0	0	0
PILOT-2017005493__G__haiku4.5__rep0.json	PILOT-2017005493	G	0	20	1	10	0	1324	0	147	0	10	0	10	0	0	0
PILOT-2017005493__G__sonnet4__rep0.json	PILOT-2017005493	G	0	20	1	12	0	1384	0	217	0	12	7	1	0	0	0
PILOT-2017005493__baseline__gpt4o-mini__rep0.json	PILOT-2017005493	baseline	0	8	1	0	0	0	0	180	0	8	0	0	0	0	0
PILOT-2017005493__baseline__gpt5-mini__rep0.json	PILOT-2017005493	baseline	0	0	0	0	0	0	0	0	0	0	0	0	0	0	0
PILOT-2017005493__baseline__gpt5.4__rep0.json	PILOT-2017005493	baseline	0	20	1	11	0	837	0	192	0	10	10	0	0	0	0
PILOT-2017005493__baseline__haiku4.5__rep0.json	PILOT-2017005493	baseline	0	20	1	26	0	1572	0	232	0	20	0	0	0	0	0
PILOT-2017005493__baseline__sonnet4__rep0.json	PILOT-2017005493	baseline	0	20	1	3	0	422	0	173	0	3	17	0	0	0	0
PILOT-2017010632__F__gpt4o-mini__rep0.json	PILOT-2017010632	F	0	2	1	0	0	0	0	1042	0	2	0	0	0	0	0
PILOT-2017010632__F__gpt5-mini__rep0.json	PILOT-2017010632	F	0	0	0	0	0	0	0	0	0	0	0	0	0	0	0
PILOT-2017010632__F__gpt5.4__rep0.json	PILOT-2017010632	F	0	20	1	2	0	685	0	513	0	2	18	0	0	0	0
PILOT-2017010632__F__haiku4.5__rep0.json	PILOT-2017010632	F	0	20	1	8	0	508	0	498	13	7	0	0	0	0	0
PILOT-2017010632__F__sonnet4__rep0.json	PILOT-2017010632	F	0	20	1	2	0	462	0	502	17	3	0	0	0	0	0
PILOT-2017010632__G__gpt4o-mini__rep0.json	PILOT-2017010632	G	0	2	1	0	0	0	0	1064	0	2	0	0	0	0	0
PILOT-2017010632__G__gpt5-mini__rep0.json	PILOT-2017010632	G	0	2	1	2	0	720	0	1234	0	1	1	0	0	0	0
PILOT-2017010632__G__gpt5.4__rep0.json	PILOT-2017010632	G	0	20	1	2	0	380	0	498	0	2	18	0	0	0	0
PILOT-2017010632__G__haiku4.5__rep0.json	PILOT-2017010632	G	0	20	1	14	0	2069	0	347	11	9	0	0	0	0	0
PILOT-2017010632__G__sonnet4__rep0.json	PILOT-2017010632	G	0	20	1	3	0	39	0	481	17	3	0	0	0	0	0
PILOT-2017010632__baseline__gpt4o-mini__rep0.json	PILOT-2017010632	baseline	0	0	0	0	0	0	0	0	0	0	0	0	0	0	0
PILOT-2017010632__baseline__gpt5-mini__rep0.json	PILOT-2017010632	baseline	0	0	0	0	0	0	0	0	0	0	0	0	0	0	0
PILOT-2017010632__baseline__gpt5.4__rep0.json	PILOT-2017010632	baseline	0	20	1	2	0	339	0	482	0	3	16	1	0	0	0
PILOT-2017010632__baseline__haiku4.5__rep0.json	PILOT-2017010632	baseline	0	20	1	10	0	1092	0	532	9	11	0	0	0	0	0
PILOT-2017010632__baseline__sonnet4__rep0.json	PILOT-2017010632	baseline	0	20	1	3	0	45	0	481	17	3	0	0	0	0	0
PILOT-2018001232__F__gpt4o-mini__rep0.json	PILOT-2018001232	F	0	4	1	0	0	0	0	158	0	4	0	0	0	0	0
PILOT-2018001232__F__gpt5-mini__rep0.json	PILOT-2018001232	F	0	20	1	2	0	156	0	191	0	2	18	0	0	0	0
PILOT-2018001232__F__gpt5.4__rep0.json	PILOT-2018001232	F	0	20	1	3	0	527	0	212	0	5	15	0	0	0	0
PILOT-2018001232__F__haiku4.5__rep0.json	PILOT-2018001232	F	0	20	1	2	0	134	0	169	14	2	0	4	0	0	0
PILOT-2018001232__F__sonnet4__rep0.json	PILOT-2018001232	F	0	20	1	2	0	210	0	196	0	2	18	0	0	0	0
PILOT-2018001232__G__gpt4o-mini__rep0.json	PILOT-2018001232	G	0	4	1	0	0	0	0	157	0	4	0	0	0	0	0
PILOT-2018001232__G__gpt5-mini__rep0.json	PILOT-2018001232	G	0	20	1	2	0	212	0	196	0	2	18	0	0	0	0
PILOT-2018001232__G__gpt5.4__rep0.json	PILOT-2018001232	G	0	20	1	8	0	706	0	221	4	5	11	0	0	0	0
PILOT-2018001232__G__haiku4.5__rep0.json	PILOT-2018001232	G	0	20	1	7	0	717	0	199	11	5	0	4	0	0	0
PILOT-2018001232__G__sonnet4__rep0.json	PILOT-2018001232	G	0	20	1	2	0	186	0	195	0	2	18	0	0	0	0
PILOT-2018001232__baseline__gpt4o-mini__rep0.json	PILOT-2018001232	baseline	0	3	1	0	0	0	0	194	0	3	0	0	0	0	0
PILOT-2018001232__baseline__gpt5-mini__rep0.json	PILOT-2018001232	baseline	0	20	1	2	0	212	0	196	0	2	18	0	0	0	0
PILOT-2018001232__baseline__gpt5.4__rep0.json	PILOT-2018001232	baseline	0	20	1	7	0	595	0	215	0	6	14	0	0	0	0
PILOT-2018001232__baseline__haiku4.5__rep0.json	PILOT-2018001232	baseline	0	20	1	14	0	510	0	167	6	7	0	7	0	0	0
PILOT-2018001232__baseline__sonnet4__rep0.json	PILOT-2018001232	baseline	0	20	1	2	0	210	0	196	0	2	18	0	0	0	0
PILOT-2018005420__F__gpt4o-mini__rep0.json	PILOT-2018005420	F	0	6	1	8	0	112	0	397	0	6	0	0	0	0	0
PILOT-2018005420__F__gpt5-mini__rep0.json	PILOT-2018005420	F	0	0	0	0	0	0	0	0	0	0	0	0	0	0	0
PILOT-2018005420__F__gpt5.4__rep0.json	PILOT-2018005420	F	0	25	1	28	25	1313	178	365	0	11	14	0	0	0	0
PILOT-2018005420__F__haiku4.5__rep0.json	PILOT-2018005420	F	0	25	1	5	0	126	0	265	13	7	0	5	0	0	0
PILOT-2018005420__F__sonnet4__rep0.json	PILOT-2018005420	F	0	25	1	15	0	150	0	326	0	14	11	0	0	0	0
PILOT-2018005420__G__gpt4o-mini__rep0.json	PILOT-2018005420	G	0	25	1	25	0	337	0	325	0	25	0	0	0	0	0
PILOT-2018005420__G__gpt5-mini__rep0.json	PILOT-2018005420	G	0	0	0	0	0	0	0	0	0	0	0	0	0	0	0
PILOT-2018005420__G__gpt5.4__rep0.json	PILOT-2018005420	G	0	25	1	28	25	665	150	340	0	13	12	0	0	0	0
PILOT-2018005420__G__haiku4.5__rep0.json	PILOT-2018005420	G	0	25	1	25	0	399	0	322	7	18	0	0	0	0	0
PILOT-2018005420__G__sonnet4__rep0.json	PILOT-2018005420	G	0	25	1	15	0	366	0	334	0	11	14	0	0	0	0
PILOT-2018005420__baseline__gpt4o-mini__rep0.json	PILOT-2018005420	baseline	0	25	1	25	0	250	0	323	19	6	0	0	0	0	0
PILOT-2018005420__baseline__gpt5-mini__rep0.json	PILOT-2018005420	baseline	0	0	0	0	0	0	0	0	0	0	0	0	0	0	0
PILOT-2018005420__baseline__gpt5.4__rep0.json	PILOT-2018005420	baseline	0	25	1	25	25	435	335	323	0	14	11	0	0	0	0
PILOT-2018005420__baseline__haiku4.5__rep0.json	PILOT-2018005420	baseline	0	25	1	27	0	457	0	323	6	19	0	0	0	0	0
PILOT-2018005420__baseline__sonnet4__rep0.json	PILOT-2018005420	baseline	0	25	1	24	0	600	0	344	0	20	5	0	0	0	0
PILOT-2018005863__F__gpt4o-mini__rep0.json	PILOT-2018005863	F	0	23	1	0	0	0	0	410	0	23	0	0	0	0	0
PILOT-2018005863__F__gpt5-mini__rep0.json	PILOT-2018005863	F	0	0	0	0	0	0	0	0	0	0	0	0	0	0	0
PILOT-2018005863__F__gpt5.4__rep0.json	PILOT-2018005863	F	0	25	1	12	3	787	21	338	2	12	11	0	0	0	0
PILOT-2018005863__F__haiku4.5__rep0.json	PILOT-2018005863	F	0	25	1	0	0	0	0	397	3	22	0	0	0	0	0
PILOT-2018005863__F__sonnet4__rep0.json	PILOT-2018005863	F	0	25	1	14	1	469	3	326	0	10	15	0	0	0	0
PILOT-2018005863__G__gpt4o-mini__rep0.json	PILOT-2018005863	G	0	11	1	0	0	0	0	404	0	11	0	0	0	0	0
PILOT-2018005863__G__gpt5-mini__rep0.json	PILOT-2018005863	G	0	0	0	0	0	0	0	0	0	0	0	0	0	0	0
PILOT-2018005863__G__gpt5.4__rep0.json	PILOT-2018005863	G	0	25	1	9	2	1561	4	333	2	6	13	4	0	0	0
PILOT-2018005863__G__haiku4.5__rep0.json	PILOT-2018005863	G	0	25	1	7	0	380	0	323	0	9	16	0	0	0	0
PILOT-2018005863__G__sonnet4__rep0.json	PILOT-2018005863	G	0	25	1	10	1	590	3	331	0	10	15	0	0	0	0
PILOT-2018005863__baseline__gpt4o-mini__rep0.json	PILOT-2018005863	baseline	0	7	1	0	0	0	0	299	0	7	0	0	0	0	0
PILOT-2018005863__baseline__gpt5-mini__rep0.json	PILOT-2018005863	baseline	0	0	0	0	0	0	0	0	0	0	0	0	0	0	0
PILOT-2018005863__baseline__gpt5.4__rep0.json	PILOT-2018005863	baseline	0	25	1	12	4	640	22	332	0	10	15	0	0	0	0
PILOT-2018005863__baseline__haiku4.5__rep0.json	PILOT-2018005863	baseline	0	25	1	28	0	1595	0	372	4	21	0	0	0	0	0
PILOT-2018005863__baseline__sonnet4__rep0.json	PILOT-2018005863	baseline	0	25	1	12	0	1011	0	348	0	11	14	0	0	0	0
