file	case	cond	model	hdr_claim_N_paren_status	hdr_N_dot	hdr_N_paren_status	hdr_claim_N_only	status_currently_amended	status_original	status_cancelled	status_new	status_previously	status_withdrawn	markup_bracket_delete	markup_underline	markup_strikethrough_alt	markup_single_underscore	preamble_here_are	preamble_md_heading	preamble_backtick_fence	commentary_explanation	body_comprising	body_wherein	body_said	body_configured_to	n_nonblank_lines	total_chars	first_line_is_claim_hdr	last_line_is_claim_hdr	first_line_has_body
PILOT-2014009970__baseline__sonnet4.json	PILOT-2014009970	baseline	sonnet4	0	9	0	0	2	7	0	0	0	0	1	2	0	0	0	0	0	0	3	6	0	0	9	2653	0	0	1
PILOT-2017000071__baseline__sonnet4.json	PILOT-2017000071	baseline	sonnet4	0	7	0	0	3	0	0	0	4	0	0	3	0	0	0	0	0	0	2	5	0	0	7	4330	0	0	1
PILOT-2017001422__baseline__sonnet4.json	PILOT-2017001422	baseline	sonnet4	0	8	0	0	7	0	1	0	0	0	0	7	0	0	0	0	0	0	5	3	0	0	8	2146	0	0	1
PILOT-2017003676__baseline__sonnet4.json	PILOT-2017003676	baseline	sonnet4	0	19	0	0	13	5	1	0	0	0	0	15	0	0	0	0	0	0	5	13	7	0	19	3557	0	0	1
PILOT-2017005259__baseline__sonnet4.json	PILOT-2017005259	baseline	sonnet4	0	14	0	0	12	2	0	0	0	0	0	12	0	0	0	0	0	0	3	28	0	0	14	3489	0	0	1
PILOT-2017005493__baseline__sonnet4.json	PILOT-2017005493	baseline	sonnet4	0	20	0	0	11	0	1	0	8	0	2	11	0	0	0	0	0	0	2	14	39	0	20	4183	0	0	1
PILOT-2017010632__baseline__sonnet4.json	PILOT-2017010632	baseline	sonnet4	0	20	0	0	3	17	0	0	0	0	0	3	0	0	0	0	0	0	6	14	0	2	20	9990	0	0	1
PILOT-2018001232__baseline__sonnet4.json	PILOT-2018001232	baseline	sonnet4	0	20	0	0	2	0	0	0	18	0	0	2	0	0	0	0	0	0	2	16	49	0	20	4487	0	0	1
PILOT-2018005420__baseline__sonnet4.json	PILOT-2018005420	baseline	sonnet4	0	25	0	0	14	0	0	0	11	0	0	24	0	0	0	0	0	0	6	22	0	3	25	9223	0	0	1
PILOT-2018005863__baseline__sonnet4.json	PILOT-2018005863	baseline	sonnet4	0	25	0	0	12	0	0	0	13	0	0	12	0	0	0	0	0	0	6	24	0	0	25	8684	0	0	1
PILOT-2017005259__D__sonnet4__rep0.json	PILOT-2017005259	D	sonnet4	0	14	0	0	11	2	1	0	0	0	0	11	0	0	0	0	0	0	3	26	0	0	14	3146	0	0	1
PILOT-2017005259__baseline__sonnet4__rep0.json	PILOT-2017005259	baseline	sonnet4	0	14	0	0	12	2	0	0	0	0	0	12	0	0	0	0	0	0	3	28	0	0	14	3489	0	0	1
PILOT-2018005420__D__sonnet4__rep0.json	PILOT-2018005420	D	sonnet4	0	25	0	0	20	5	0	0	0	0	0	24	0	0	0	0	0	0	6	22	0	3	25	9025	0	0	1
PILOT-2018005420__baseline__sonnet4__rep0.json	PILOT-2018005420	baseline	sonnet4	0	25	0	0	11	0	0	0	14	0	0	15	0	0	0	0	0	0	6	22	0	3	25	9106	0	0	1
